SiteID,StateID,LandCover1,LandCover2,Longitude,Latitude,X,Y,SOC
219,CO,Shrubland,Shrubland,-106.3259,39.2962,-880639.2564005647,1855998.3265348617,4.32
235,CO,Planted/Cultivated,Pasture/Hay,-104.7334,38.6507,-751880.6831000915,1770331.5859549968,3.28
475,CO,Shrubland,Shrubland,-105.9953,38.1181,-866412.5871988675,1721667.1836346823,0.38
491,CO,Herbaceous Upland,Grasslands/Herbaceous,-103.8946,38.3101,-683009.0745125846,1725968.024188076,0.52
507,CO,Shrubland,Shrubland,-108.5856,40.3002,-1057474.8821939824,1990736.5336032237,1.26
683,CO,Herbaceous Upland,Grasslands/Herbaceous,-103.0238,38.0952,-609595.3499701939,1696032.6221934485,0.9
747,CO,Herbaceous Upland,Grasslands/Herbaceous,-104.9077,37.1455,-782632.5214076096,1603765.7465116319,0.84
923,CO,Forested Upland,Mixed Forest,-107.8613,39.8959,-1002582.4753046806,1937961.8289844377,1.05
939,CO,Forested Upland,Deciduous Forest,-106.0438,39.1815,-858027.5144020843,1840636.2702921745,1.28
1115,CO,Herbaceous Upland,Grasslands/Herbaceous,-104.4976,40.3967,-714162.6303490485,1963372.2995684291,3.87
1195,CO,Herbaceous Upland,Grasslands/Herbaceous,-102.5407,39.4328,-557425.4879652889,1842607.286821437,2.05
1243,CO,Shrubland,Shrubland,-106.3114,39.8965,-872122.5275937631,1922740.949719573,4.31
1259,CO,Shrubland,Shrubland,-105.9548,38.1754,-862243.3148467937,1727685.944125149,0.64
1499,CO,Shrubland,Shrubland,-106.7642,38.4041,-929164.1352936226,1760796.8678212785,0.96
1515,CO,Planted/Cultivated,Pasture/Hay,-104.0828,38.9534,-693127.2640868688,1799180.9036873793,1.18
1531,CO,Planted/Cultivated,Pasture/Hay,-107.1205,40.7201,-929481.7696066026,2022090.7154801586,4.11
1579,CO,Forested Upland,Evergreen Forest,-108.6515,37.7338,-1101156.6426956803,1706394.4429720864,1.52
1627,CO,Forested Upland,Evergreen Forest,-106.1199,40.3992,-850001.372985764,1977002.1719565499,1.44
1691,CO,Shrubland,Shrubland,-108.711,37.6642,-1107344.7685046135,1699354.6663123064,1.36
1707,CO,Planted/Cultivated,Row Crops,-102.2435,38.3994,-539738.2478263776,1725327.8135207244,1
1947,CO,Forested Upland,Deciduous Forest,-108.7956,38.844,-1096919.3945954232,1831383.3636588238,2.98
1963,CO,Herbaceous Upland,Grasslands/Herbaceous,-103.2709,39.7447,-616869.1617923154,1881979.9747463476,3.98
2075,CO,Herbaceous Upland,Grasslands/Herbaceous,-103.0843,40.535,-594473.1848354958,1969081.7338546372,1.18
2107,CO,Herbaceous Upland,Grasslands/Herbaceous,-103.8118,37.0761,-687217.2604152212,1587544.042363852,1.6
2155,CO,Herbaceous Upland,Grasslands/Herbaceous,-102.6492,37.3852,-582701.4371281416,1614314.1503241558,1.03
2219,CO,Planted/Cultivated,Small Grains,-103.0921,39.8871,-600538.4405771348,1896745.9502283814,0.91
2267,CO,Forested Upland,Evergreen Forest,-106.3282,38.505,-890453.4169698107,1767862.7909980468,12.4
2283,CO,Herbaceous Upland,Grasslands/Herbaceous,-104.7034,38.407,-751803.2789479275,1742893.5864598653,1.2
2347,CO,Forested Upland,Evergreen Forest,-106.3777,37.3907,-908315.2313974081,1644180.9307525202,7.01
2539,CO,Herbaceous Upland,Grasslands/Herbaceous,-103.7314,37.9237,-672440.6924042677,1681641.1191819932,1.8
2555,CO,Forested Upland,Deciduous Forest,-107.3878,40.0715,-960403.3335802739,1952600.1308990943,2.67
2603,CO,Forested Upland,Deciduous Forest,-107.7396,37.4467,-1026171.6409093319,1664275.9987674868,7.14
2715,CO,Forested Upland,Evergreen Forest,-107.6892,38.0546,-1013429.2636322329,1731349.715813911,0.5
2731,CO,Herbaceous Upland,Grasslands/Herbaceous,-104.8442,39.6473,-751012.3752752036,1882427.1248387275,0.46
2971,CO,Shrubland,Shrubland,-108.8796,39.8839,-1088329.876332914,1947830.9401303497,1.2
2987,CO,Herbaceous Upland,Grasslands/Herbaceous,-103.8962,39.4451,-672589.3202429301,1852754.0889667764,2.75
3099,CO,Herbaceous Upland,Grasslands/Herbaceous,-103.05799999999999,40.8422,-589717.3265556697,2003229.2001085887,2.01
3131,CO,Herbaceous Upland,Grasslands/Herbaceous,-103.7346,37.6812,-674928.0165176453,1654574.6865548443,1
3291,CO,Forested Upland,Evergreen Forest,-107.2396,37.8425,-977440.4915210115,1703040.513122578,1.88
3307,CO,Shrubland,Shrubland,-105.6465,38.8473,-828001.4922612708,1799854.901055701,0.74
3323,CO,Shrubland,Shrubland,-107.7941,40.1452,-993473.9134808077,1964972.950752152,3.79
3371,CO,Forested Upland,Mixed Forest,-106.87299999999999,37.2699,-953027.173144079,1635578.6486410014,7.4
3499,CO,Shrubland,Shrubland,-102.6778,38.4974,-576451.60158467,1738837.4579826165,0.4
3563,CO,Planted/Cultivated,Pasture/Hay,-105.9272,37.6019,-866563.7203377421,1663508.3306706555,0.76
3579,CO,Shrubland,Shrubland,-106.4575,40.7141,-874371.2080837198,2015130.7236910095,0.96
3675,CO,Herbaceous Upland,Grasslands/Herbaceous,-105.3443,40.5712,-783183.8114797118,1989503.595498088,2.35
3739,CO,Shrubland,Shrubland,-108.2525,38.76,-1051835.9931285218,1815909.8977188116,0.3
3755,CO,Herbaceous Upland,Grasslands/Herbaceous,-104.6836,39.1527,-742471.1348068028,1825969.8951980958,1.7
3995,CO,Forested Upland,Mixed Forest,-107.1585,39.8011,-944704.2831847284,1920216.3968351725,0.51
4011,CO,Herbaceous Upland,Grasslands/Herbaceous,-104.4216,39.6125,-715568.449260366,1875282.51687924,0.51
4155,CO,Herbaceous Upland,Grasslands/Herbaceous,-103.9877,37.8712,-695174.7807672961,1677621.18637961,0.64
4187,CO,Herbaceous Upland,Grasslands/Herbaceous,-104.4418,40.916,-704325.5935757632,2020888.0134239807,1.83
4315,CO,Herbaceous Upland,Grasslands/Herbaceous,-106.2517,39.234,-875086.3558742249,1848382.5761656312,7.63
4331,CO,Forested Upland,Mixed Forest,-105.1003,38.7441,-782372.4305775464,1783716.0858640892,4.09
4571,CO,Forested Upland,Mixed Forest,-106.5724,38.2135,-915048.7640256747,1737706.6707057902,0.89
4587,CO,Herbaceous Upland,Grasslands/Herbaceous,-104.1809,38.3052,-707765.6805878374,1727515.7118227524,0.42
4699,CO,Forested Upland,Evergreen Forest,-105.9198,40.7977,-828605.4187114595,2019622.0397790468,1.77
4763,CO,Shrubland,Shrubland,-107.6514,38.6469,-1002049.4612520223,1796837.435065652,1.64
4779,CO,Herbaceous Upland,Grasslands/Herbaceous,-102.4668,37.9559,-562392.8226320503,1677024.1177897307,2.99
5019,CO,Shrubland,Shrubland,-108.8764,39.2142,-1098198.974348257,1873431.2303686093,1.07
5035,CO,Shrubland,Shrubland,-105.9231,39.2772,-846636.0928408409,1850220.4058197273,3.03
5179,CO,Herbaceous Upland,Grasslands/Herbaceous,-103.1937,37.2108,-631808.861320543,1598301.5135133502,1.07
5211,CO,Herbaceous Upland,Grasslands/Herbaceous,-104.3803,40.5239,-703075.2888009083,1976690.1680142486,1.65
5227,CO,Planted/Cultivated,Small Grains,-102.22399999999999,37.7322,-542949.1025148028,1650595.7611245837,0.9
5291,CO,Herbaceous Upland,Grasslands/Herbaceous,-102.3105,39.8047,-535070.8344681093,1882865.6009561913,0.9
5339,CO,Forested Upland,Mixed Forest,-107.4751,39.3809,-977051.9942819639,1876661.1200002884,2.61
5355,CO,Forested Upland,Evergreen Forest,-105.5373,38.0514,-827597.8360083018,1710148.5686123355,3.03
5371,CO,Shrubland,Shrubland,-108.3302,40.6438,-1031157.5206570292,2026088.7125791549,1.2
5611,CO,Herbaceous Upland,Grasslands/Herbaceous,-104.5716,38.4333,-740183.9428488701,1744794.6933191298,0.9
5627,CO,Shrubland,Shrubland,-106.9423,40.438,-918283.9338837091,1988973.2140843812,3.23
5675,CO,Forested Upland,Evergreen Forest,-108.7264,37.8203,-1106342.4626540933,1716872.816946173,2.19
5723,CO,Forested Upland,Evergreen Forest,-105.6432,40.3112,-811101.4294850924,1963031.0092681274,21.8
5787,CO,Forested Upland,Evergreen Forest,-108.2595,37.9791,-1063693.5643811412,1729186.9944142753,3.96
5867,CO,Herbaceous Upland,Grasslands/Herbaceous,-105.3156,37.1844,-817931.7643217832,1611539.7110477935,1.05
6043,CO,Shrubland,Shrubland,-108.2732,39.3171,-1045561.5783876937,1878059.606513371,0.56
6059,CO,Shrubland,Shrubland,-103.6054,40.0876,-642117.5375115502,1922500.3271221165,0.63
6171,CO,Herbaceous Upland,Grasslands/Herbaceous,-102.3796,40.4898,-535772.2683251738,1959840.7872690002,2.23
6251,CO,Shrubland,Shrubland,-102.5388,37.6433,-571053.3029361619,1642499.7552234032,1.1
6315,CO,Planted/Cultivated,Pasture/Hay,-102.9093,40.0942,-583401.504790697,1918749.2845808985,1.18
6363,CO,Forested Upland,Mixed Forest,-106.3109,38.7136,-886435.9059185167,1790944.5853809358,4.44
6379,CO,Herbaceous Upland,Grasslands/Herbaceous,-104.6651,38.1083,-751552.5719717095,1709250.3333005991,0.9
6443,CO,Shrubland,Shrubland,-106.1798,37.4033,-890909.882819611,1643711.3350410725,1.1
6571,CO,Herbaceous Upland,Grasslands/Herbaceous,-102.1674,38.9726,-529002.2837577352,1789010.4943557086,1.57
6635,CO,Herbaceous Upland,Grasslands/Herbaceous,-103.4168,38.2306,-642453.1461798227,1713754.0312236354,0.68
6651,CO,Shrubland,Shrubland,-107.4924,40.3686,-965166.6606516698,1986704.1607440363,2.2
6699,CO,Forested Upland,Mixed Forest,-107.806,37.5335,-1030740.5731437509,1674647.681812975,4.89
6747,CO,Herbaceous Upland,Grasslands/Herbaceous,-104.8988,40.7539,-744043.2644682699,2006292.6338177223,0.8
6811,CO,Shrubland,Shrubland,-107.6216,37.8284,-1010690.4889915428,1705467.406847263,3.45
6827,CO,Shrubland,Shrubland,-106.1423,40.0492,-856052.5541695217,1938214.1695277775,1.42
6939,CO,Shrubland,Shrubland,-103.5822,40.3775,-637574.4179082116,1954718.8256492575,1.2
7083,CO,Herbaceous Upland,Grasslands/Herbaceous,-104.2472,39.1409,-705368.5976942371,1821328.2961710251,0.61
7227,CO,Shrubland,Shrubland,-103.2436,37.7598,-631497.9458893527,1659981.6877674728,0.5
7387,CO,Shrubland,Shrubland,-107.0984,38.3597,-958462.8237460421,1759172.1825665429,5.48
7403,CO,Shrubland,Shrubland,-103.1265,38.7436,-613047.2024833693,1769168.580771986,0.53
7419,CO,Shrubland,Shrubland,-108.3114,40.0642,-1037982.1156190996,1961499.498241174,0.7
7467,CO,Herbaceous Upland,Grasslands/Herbaceous,-106.2196,36.999,-899242.2662950612,1599041.7459598326,2.88
7595,CO,Herbaceous Upland,Grasslands/Herbaceous,-102.8976,38.5831,-594696.1382711456,1749773.167441011,1.14
7659,CO,Shrubland,Shrubland,-105.0746,37.7762,-790513.1890306803,1675512.4116290451,0.5
7835,CO,Shrubland,Shrubland,-108.3818,38.4163,-1067878.503626605,1779150.9082910419,1.86
7851,CO,Forested Upland,Evergreen Forest,-105.008,38.9771,-771989.3587231109,1808958.4785271673,8.58
8091,CO,Shrubland,Shrubland,-107.5349,39.676,-978114.4714207447,1910105.4228229716,8.25
8107,CO,Planted/Cultivated,Small Grains,-104.4443,39.9565,-714071.4582344356,1913849.2579135005,0.58
8251,CO,Shrubland,Shrubland,-103.8112,37.3337,-684794.6200691016,1616308.52220841,1
8363,CO,Herbaceous Upland,Grasslands/Herbaceous,-102.7706,39.259,-578372.4800190993,1824550.4011851717,2.26
8411,CO,Shrubland,Shrubland,-106.5615,39.914,-892972.0081055373,1927012.651820868,1.67
8427,CO,Developed,Low Intensity Residential,-104.809,38.9389,-755380.7101986177,1803096.5421633644,1.89
8667,CO,Shrubland,Shrubland,-106.8551,38.6556,-933763.6363891491,1789695.4584685322,0.95
8683,CO,Herbaceous Upland,Grasslands/Herbaceous,-104.1619,38.0916,-708179.6294804112,1703521.2084061375,1.5
8795,CO,Forested Upland,Evergreen Forest,-105.4946,40.8503,-792621.6364290239,2021855.1190464236,2.68
8859,CO,Shrubland,Shrubland,-107.5547,38.5157,-995557.8265335849,1781224.818908605,2.97
8875,CO,Herbaceous Upland,Grasslands/Herbaceous,-102.6444,38.2747,-575316.9194607136,1713734.6816929837,1.91
8939,CO,Shrubland,Shrubland,-104.6051,37.1201,-756377.3688466793,1598481.3879430895,1.44
9115,CO,Shrubland,Shrubland,-108.6002,38.7866,-1081118.0441635353,1822767.8697761614,2.1
9131,CO,Forested Upland,Mixed Forest,-105.6852,39.4752,-824152.1189781034,1870201.6286028037,4.68
9243,CO,Planted/Cultivated,Small Grains,-102.2723,40.4972,-526719.5191900652,1960068.0469402322,1.19
9435,CO,Shrubland,Shrubland,-106.9132,38.8651,-936048.8736573122,1813595.0988076592,4.32
9451,CO,Forested Upland,Evergreen Forest,-105.1249,38.0653,-791775.0639736251,1708185.3605886295,6.01
9515,CO,Developed,Low Intensity Residential,-106.0664,37.5622,-879139.9933807758,1660362.1514717434,1.8
9707,CO,Herbaceous Upland,Grasslands/Herbaceous,-104.1624,38.6435,-702916.2549403628,1765157.213492615,0.47
9723,CO,Shrubland,Shrubland,-106.4502,40.2595,-879351.6268682239,1964448.8716777859,4.5
9771,CO,Forested Upland,Mixed Forest,-108.2777,37.3997,-1073629.9599256252,1664995.6085173886,2.09
9819,CO,Forested Upland,Evergreen Forest,-105.5214,40.6435,-797168.0537104296,1999034.3792789911,3.2
9883,CO,Shrubland,Shrubland,-108.4002,37.6598,-1080488.7346658052,1695288.2453408467,1.35
9899,CO,Planted/Cultivated,Pasture/Hay,-104.835,40.1084,-745436.9265074017,1933798.774352421,3.1
10139,CO,Shrubland,Shrubland,-107.6917,39.3254,-996165.529889222,1872735.8508112887,1.98
10155,CO,Shrubland,Shrubland,-103.2692,39.1326,-621967.2670774889,1813571.161760601,1.3
10267,CO,Planted/Cultivated,Small Grains,-102.4377,40.6234,-539631.243753589,1975100.1407281996,1.16
10347,CO,Herbaceous Upland,Grasslands/Herbaceous,-102.8035,37.5167,-595146.5126774112,1629970.435952692,0.94
10411,CO,Herbaceous Upland,Grasslands/Herbaceous,-102.6979,40.0058,-566279.0269783544,1907591.25265154,0.34
10459,CO,Shrubland,Shrubland,-106.6093,38.4688,-915041.27404736,1766500.0894582262,1.6
10475,CO,Herbaceous Upland,Grasslands/Herbaceous,-105.8886,38.2743,-855378.7384420644,1738112.5997383778,1.17
10491,CO,Shrubland,Shrubland,-109.04299999999999,40.446,-1093434.8495528102,2012097.6280988546,1.83
10539,CO,Forested Upland,Evergreen Forest,-106.6985,37.5332,-934482.5163947585,1663162.9856653095,9.55
10731,CO,Shrubland,Shrubland,-105.5782,37.5387,-836916.6478146916,1653334.682562666,0.49
10747,CO,Shrubland,Shrubland,-107.34,40.3302,-952940.9622833243,1980895.3970281954,2.25
10843,CO,Shrubland,Shrubland,-104.9614,40.7092,-749733.26429576,2001800.4380405347,1.12
10907,CO,Forested Upland,Deciduous Forest,-108.1485,37.7448,-1057463.2608216053,1701904.1361691975,8.76
10923,CO,Forested Upland,Mixed Forest,-105.4614,40.0358,-798927.855247836,1930791.8654828644,7.77
11035,CO,Herbaceous Upland,Grasslands/Herbaceous,-103.1466,40.5971,-599168.6297542197,1976409.3223189148,0.15
11163,CO,Shrubland,Shrubland,-108.7419,39.5063,-1082420.8225486944,1904327.8686349,1.58
11179,CO,Herbaceous Upland,Grasslands/Herbaceous,-104.0092,39.4461,-682182.4596062066,1853671.2189498933,0.91
11419,CO,Shrubland,Shrubland,-108.917,37.586999999999996,-1126353.5030548952,1693202.0407070962,0.76
11483,CO,Forested Upland,Evergreen Forest,-106.914,37.6971,-951118.8822101305,1683551.1553306538,5.43
11499,CO,Herbaceous Upland,Grasslands/Herbaceous,-103.5766,38.5646,-653284.6807399037,1752163.910729663,0.71
11691,CO,Herbaceous Upland,Grasslands/Herbaceous,-102.9047,38.8241,-593346.3078231262,1776759.0649427501,0.64
11755,CO,Herbaceous Upland,Grasslands/Herbaceous,-104.6745,37.7228,-756304.0178705252,1666297.4073930006,0.93
11931,CO,Shrubland,Shrubland,-108.1753,39.8735,-1029300.6931824965,1938828.6773672025,1
11947,CO,Herbaceous Upland,Grasslands/Herbaceous,-104.6693,39.5022,-737683.556080685,1864865.3954589816,1.09
12075,CO,Shrubland,Shrubland,-102.1624,37.3529,-540337.5396247893,1607826.304745323,1.15
12187,CO,Shrubland,Shrubland,-107.55,39.5278,-981402.1040425058,1893775.399002491,1.82
12203,CO,Shrubland,Shrubland,-104.5049,39.6184,-722568.3969844591,1876571.3671628248,1.4
12347,CO,Shrubland,Shrubland,-104.2432,37.2561,-723328.1439357138,1610843.977083677,5.3
12379,CO,Shrubland,Shrubland,-104.2677,40.3867,-694987.9617066326,1960551.9507306518,0.41
12395,CO,Herbaceous Upland,Grasslands/Herbaceous,-102.3767,37.3445,-559163.3826157241,1608126.6986738287,1.53
12459,CO,Herbaceous Upland,Grasslands/Herbaceous,-102.745,39.6993,-572690.0314705946,1873614.8185516037,3.84
12507,CO,Shrubland,Shrubland,-106.4094,39.5774,-884287.1170112308,1888100.7168913507,5.62
12523,CO,Shrubland,Shrubland,-105.8813,37.7941,-860335.7655501586,1684515.411004689,0.19
12763,CO,Forested Upland,Deciduous Forest,-107.4941,38.7214,-987580.2459616086,1803479.388060261,6.22
12779,CO,Herbaceous Upland,Grasslands/Herbaceous,-104.5352,38.9289,-732066.7915904125,1799837.6276712762,1.42
12795,CO,Shrubland,Shrubland,-107.5551,40.8334,-964091.9885765401,2039019.1956793512,1.4
12843,CO,Forested Upland,Mixed Forest,-108.3863,37.4249,-1082705.905998067,1669028.0364491197,1.84
12891,CO,Shrubland,Shrubland,-105.932,40.1475,-837218.7650076932,1947292.9117673906,1.52
12955,CO,Forested Upland,Mixed Forest,-108.115,38.3352,-1046149.9914104341,1767168.5705450154,3.57
12971,CO,Herbaceous Upland,Grasslands/Herbaceous,-102.2015,38.1867,-537667.251796217,1701300.1181319852,1.6
13211,CO,Herbaceous Upland,Grasslands/Herbaceous,-108.3889,39.1205,-1058226.8630972132,1857491.0440238868,18.5
104,KS,Herbaceous Upland,Grasslands/Herbaceous,-95.806,37.8362,16911.840072433195,1644483.1399183176,3.92
107,KS,Planted/Cultivated,Small Grains,-101.7826,37.3744,-506931.4930787968,1608138.245005017,1.08
171,KS,Herbaceous Upland,Grasslands/Herbaceous,-101.6219,39.4386,-479181.9689784943,1838244.8735976538,1.6
216,KS,Herbaceous Upland,Grasslands/Herbaceous,-98.6952,39.1624,-230706.06999391745,1796383.7222584889,1.8
296,KS,Planted/Cultivated,Small Grains,-100.0069,37.3411,-351534.8132836469,1596390.7957326688,1.3
427,KS,Planted/Cultivated,Pasture/Hay,-100.9129,38.4401,-424591.165523485,1723130.8952842664,4.3
472,KS,Developed,Low Intensity Residential,-97.3539,38.8897,-116339.35242599713,1763376.0695485552,2.6
664,KS,Planted/Cultivated,Pasture/Hay,-95.7368,37.9519,22908.382628129126,1657465.3299688674,3.5
728,KS,Herbaceous Upland,Grasslands/Herbaceous,-99.0781,38.8714,-264527.36064848787,1764780.5549273049,N.S.
920,KS,Herbaceous Upland,Grasslands/Herbaceous,-94.9183,38.6401,93269.0312290545,1735101.6312256232,4.4
984,KS,Planted/Cultivated,Pasture/Hay,-98.0587,37.3292,-180682.90115907506,1589602.3664528937,2.6
1128,KS,Herbaceous Upland,Grasslands/Herbaceous,-95.802,37.2237,17403.55399951526,1575840.857316598,1.19
1131,KS,Planted/Cultivated,Row Crops,-101.5788,37.3556,-489209.88147389994,1604967.0624249685,0.7
1432,KS,Planted/Cultivated,Pasture/Hay,-95.5231,39.5609,40603.281814511814,1837875.1127660873,2.96
1451,KS,Planted/Cultivated,Small Grains,-100.4605,38.2773,-386379.40381276974,1702975.0626070003,1.29
1496,KS,Planted/Cultivated,Pasture/Hay,-97.7115,39.4389,-145956.12132387093,1825415.156850134,1.79
1688,KS,Herbaceous Upland,Grasslands/Herbaceous,-96.5599,38.4337,-48414.15548276613,1711578.739937245,3.55
1752,KS,Planted/Cultivated,Pasture/Hay,-98.9874,38.4933,-258067.34401341822,1722173.0425534255,2.39
1899,KS,Planted/Cultivated,Pasture/Hay,-101.0548,39.3038,-431696.6077740643,1820443.3737693022,3.96
2008,KS,Herbaceous Upland,Grasslands/Herbaceous,-97.6248,37.623000000000005,-142042.73048093016,1621785.406886522,1.4
2088,KS,Planted/Cultivated,Pasture/Hay,-99.6471,37.1471,-320819.0733998519,1573395.9150564778,1.8
2152,KS,Planted/Cultivated,Pasture/Hay,-95.2364,37.6885,66698.73758455476,1628179.9785959206,2.28
2200,KS,Planted/Cultivated,Row Crops,-95.3716,39.8486,53288.64921686249,1870189.3014954352,1.5
2264,KS,Planted/Cultivated,Pasture/Hay,-98.2025,38.3666,-190606.95632201253,1706123.9695774007,2.92
2456,KS,Herbaceous Upland,Grasslands/Herbaceous,-96.539,39.1331,-46162.35352302292,1789959.0067105063,4.22
2475,KS,Planted/Cultivated,Pasture/Hay,-100.4695,38.5685,-385623.92578310927,1735615.2152923238,2.03
2520,KS,Herbaceous Upland,Grasslands/Herbaceous,-98.3395,39.5123,-199299.89186255084,1834780.0249424505,1.94
2667,KS,Planted/Cultivated,Small Grains,-100.1545,37.833,-362066.7630526567,1652022.594546577,1.65
2712,KS,Herbaceous Upland,Grasslands/Herbaceous,-97.0191,38.9024,-87556.32313313114,1764440.2666017092,2.9
2776,KS,Shrubland,Shrubland,-99.8696,38.7973,-332852.0432259049,1758968.2527407126,1
2968,KS,Planted/Cultivated,Small Grains,-99.9217,39.2328,-335317.29179170216,1807922.006988737,1.27
3032,KS,Herbaceous Upland,Grasslands/Herbaceous,-97.7718,37.7483,-154630.48471433306,1636055.6964784043,1.2
3112,KS,Forested Upland,Deciduous Forest,-98.59299999999999,37.3998,-227349.73856406173,1598658.8575874108,1.7
3176,KS,Planted/Cultivated,Pasture/Hay,-95.3593,37.1265,56388.485269012184,1565120.84167923,3.32
3243,KS,Planted/Cultivated,Row Crops,-101.1676,38.8458,-444110.6498606271,1769704.4638374813,1.7
3288,KS,Herbaceous Upland,Grasslands/Herbaceous,-97.0935,38.3619,-94645.22941036442,1703932.8240141028,3.12
3480,KS,Herbaceous Upland,Grasslands/Herbaceous,-96.0361,39.7756,-3064.4284967407407,1861833.6077140556,4
3544,KS,Planted/Cultivated,Pasture/Hay,-98.4114,39.7408,-204774.0122852984,1860531.525600671,5.61
3736,KS,Herbaceous Upland,Grasslands/Herbaceous,-95.189,37.9312,70606.79207587852,1655414.7942139518,3.2
3800,KS,Planted/Cultivated,Small Grains,-99.5476,38.2832,-307318.5617809839,1700303.8934664396,2.28
3947,KS,Planted/Cultivated,Row Crops,-100.425,39.6339,-376229.32580729044,1854714.7059364696,1.37
4267,KS,Planted/Cultivated,Small Grains,-101.8796,39.5804,-500137.0282105333,1855434.9297418678,0.9
4312,KS,Planted/Cultivated,Fallow,-99.0043,39.6406,-255462.3631218384,1850743.1510284096,2.1
4392,KS,Herbaceous Upland,Grasslands/Herbaceous,-99.6399,37.5881,-318293.6168083929,1622756.035505997,1.89
4504,KS,Herbaceous Upland,Grasslands/Herbaceous,-96.1755,39.2708,-15002.170669427782,1805275.084500652,1.79
4523,KS,Herbaceous Upland,Grasslands/Herbaceous,-101.1577,37.9253,-448857.4727943852,1666635.5627170135,1.78
4568,KS,Developed,Commercial/Industrial/Transportation,-97.6391,38.8295,-140960.4737200934,1757015.500888917,2.51
4760,KS,Planted/Cultivated,Pasture/Hay,-96.1589,37.988,-13823.572608696546,1661491.327629641,2.41
4824,KS,Herbaceous Upland,Grasslands/Herbaceous,-98.7733,38.7239,-238823.53633487763,1747448.6093969357,1.41
4971,KS,Planted/Cultivated,Small Grains,-100.7256,37.2695,-414938.86242889124,1591273.7983743262,1.46
5016,KS,Herbaceous Upland,Grasslands/Herbaceous,-95.5494,38.665,38840.215490627954,1737453.846458127,1.8
5080,KS,Planted/Cultivated,Small Grains,-98.1137,37.0645,-186168.89414076015,1560053.8747263995,1.31
5224,KS,Planted/Cultivated,Pasture/Hay,-96.925,37.6505,-80837.70983448706,1624046.572028994,2.29
5272,KS,Herbaceous Upland,Grasslands/Herbaceous,-95.4841,39.1405,44179.484391998514,1790777.4027061125,2.8
5336,KS,Planted/Cultivated,Small Grains,-99.0267,39.713,-257108.0880793916,1858912.7696413805,0.3
5528,KS,Planted/Cultivated,Pasture/Hay,-96.3517,39.9608,-29777.966345638404,1882640.3996744957,2.74
5547,KS,Planted/Cultivated,Row Crops,-100.7963,38.4922,-414228.21564672113,1728448.4095578499,1.8
5592,KS,Herbaceous Upland,Grasslands/Herbaceous,-97.5373,39.1534,-131619.3592002879,1793167.898801778,1.44
5739,KS,Planted/Cultivated,Row Crops,-101.3438,37.3515,-468650.5497206805,1603324.046490034,1.23
5784,KS,Herbaceous Upland,Grasslands/Herbaceous,-95.6774,38.6749,27803.326830170754,1738518.6103792295,2.8
5803,KS,Planted/Cultivated,Small Grains,-101.7538,38.0062,-500125.3044002305,1678664.3828110108,1.2
5848,KS,Planted/Cultivated,Small Grains,-98.8945,38.1663,-251160.84580277745,1685289.5054961208,1.06
5995,KS,Planted/Cultivated,Pasture/Hay,-101.4679,39.8155,-463641.65752942994,1879645.9874417235,4.21
6104,KS,Herbaceous Upland,Grasslands/Herbaceous,-97.3198,37.7966,-115110.83522934982,1640826.8811547826,1.1
6184,KS,Herbaceous Upland,Grasslands/Herbaceous,-99.7473,37.1993,-329398.1214463162,1579583.6602324073,1.2
6248,KS,Herbaceous Upland,Grasslands/Herbaceous,-95.4715,37.2682,46425.487978509416,1580938.5044574682,2.01
6296,KS,Herbaceous Upland,Grasslands/Herbaceous,-95.0118,39.812,83841.62385727503,1866347.8134645051,1.2
6360,KS,Herbaceous Upland,Grasslands/Herbaceous,-97.9691,38.6003,-169868.5881899787,1731869.6848548027,2
6552,KS,Herbaceous Upland,Grasslands/Herbaceous,-96.4408,39.1288,-37754.37190627891,1789433.7139142447,2.5
6763,KS,Planted/Cultivated,Small Grains,-100.1079,37.6498,-358895.3550669146,1631332.705818155,1.09
6808,KS,Planted/Cultivated,Small Grains,-97.07600000000001,38.7107,-92687.97753788979,1743008.8308980095,1.53
6872,KS,Planted/Cultivated,Row Crops,-99.5269,38.2001,-305871.8015387994,1690929.240799099,3.2
7064,KS,Planted/Cultivated,Small Grains,-99.5766,39.6972,-303866.5220048773,1858766.2847215973,1.2
7128,KS,Planted/Cultivated,Small Grains,-98.5574,37.7768,-223092.27859607738,1640810.3561472862,0.44
7339,KS,Planted/Cultivated,Small Grains,-101.3692,38.9639,-460670.8651847014,1783880.9197825408,0.98
7384,KS,Developed,Low Intensity Residential,-97.3322,37.9977,-115876.31971874111,1663379.176516864,2.22
7576,KS,Planted/Cultivated,Row Crops,-95.6039,39.753,33634.2852450666,1859370.603182839,2.03
7787,KS,Shrubland,Shrubland,-101.1036,37.1918,-448566.39817631175,1584295.7059044356,1.1
7832,KS,Herbaceous Upland,Grasslands/Herbaceous,-95.2915,38.2136,61447.20051259503,1686994.9944052638,3.58
7896,KS,Planted/Cultivated,Small Grains,-97.7089,37.281,-150083.28981772054,1583593.2463789172,0.72
7976,KS,Developed,Low Intensity Residential,-96.95100000000001,37.2459,-83563.56823380497,1578728.571786356,N.S.
8043,KS,Planted/Cultivated,Small Grains,-100.1016,39.3481,-350132.39741734334,1821481.606222968,0.62
8088,KS,Herbaceous Upland,Grasslands/Herbaceous,-99.9978,39.7856,-339214.9103001731,1870089.598564951,1.06
8296,KS,Planted/Cultivated,Pasture/Hay,-96.2258,37.0099,-19904.00168781032,1551889.1020667295,1.2
8488,KS,Planted/Cultivated,Small Grains,-99.3227,37.6288,-290408.23316224,1626298.5125799333,0.24
8552,KS,Herbaceous Upland,Grasslands/Herbaceous,-94.7061,37.4543,113374.32321566353,1602436.5196543378,N.S.
8600,KS,Planted/Cultivated,Urban/Recreational Grasses,-96.0756,39.5132,-6440.865348840211,1832430.170865478,N.S.
8619,KS,Herbaceous Upland,Grasslands/Herbaceous,-100.557,38.0656,-395869.5091438018,1679670.5358847056,1.3
8664,KS,Planted/Cultivated,Small Grains,-97.686,38.7541,-145143.32235899378,1748636.1652998654,1.32
8856,KS,Planted/Cultivated,Pasture/Hay,-96.7907,38.3613,-68438.39296274426,1703605.7621168671,3.88
8920,KS,Planted/Cultivated,Row Crops,-99.0938,38.7392,-266358.42230663716,1750014.5729414388,1.6
9067,KS,Shrubland,Shrubland,-101.1336,39.5709,-436803.66299872036,1850694.6210734472,2
9176,KS,Developed,Low Intensity Residential,-98.5948,37.2565,-227945.93544993043,1582610.4263389932,0.7
9320,KS,Herbaceous Upland,Grasslands/Herbaceous,-96.6971,37.545,-61008.19164923511,1612053.2017591952,3.67
9323,KS,Planted/Cultivated,Small Grains,-101.7692,37.7374,-503290.05368439324,1648673.9071143316,0.39
9368,KS,Developed,Low Intensity Residential,-94.9838,39.2914,86840.97627673678,1808034.2999134527,N.S.
9387,KS,Planted/Cultivated,Pasture/Hay,-101.8065,39.751999999999995,-492752.4921983765,1874246.6496894963,0.46
9432,KS,Planted/Cultivated,Small Grains,-98.4068,38.5236,-207838.07277410553,1724144.704589049,1.88
9643,KS,Planted/Cultivated,Row Crops,-100.1574,39.0003,-356597.4827662852,1782744.9849166304,1.58
9688,KS,Herbaceous Upland,Grasslands/Herbaceous,-98.1242,39.2033,-181735.8967138804,1799727.2109228678,3
9835,KS,Planted/Cultivated,Small Grains,-101.0428,37.5615,-441030.1799112432,1625382.6888470582,1.44
9880,KS,Planted/Cultivated,Pasture/Hay,-96.1351,39.0149,-11589.45547578444,1776588.3758033472,3.57
9944,KS,Planted/Cultivated,Row Crops,-99.6836,39.0448,-315786.0732380754,1786052.2709358982,1.19
10200,KS,Planted/Cultivated,Pasture/Hay,-98.0811,37.4851,-182265.97128435664,1607112.1919535496,1.28
10280,KS,Planted/Cultivated,Row Crops,-98.6917,37.9155,-234364.50554175372,1656673.1097237295,1.04
10344,KS,Herbaceous Upland,Grasslands/Herbaceous,-94.9144,37.2824,95343.55096089227,1582945.2660201555,2.43
10392,KS,Planted/Cultivated,Row Crops,-95.3678,39.882,53585.98942185563,1873933.9428555346,1.82
10456,KS,Planted/Cultivated,Pasture/Hay,-98.0125,39.0328,-172585.5239296006,1780413.8771141644,1.69
10648,KS,Planted/Cultivated,Row Crops,-96.9758,39.6105,-83021.45995518916,1843757.9314009552,3.11
10667,KS,Herbaceous Upland,Grasslands/Herbaceous,-101.6757,38.7707,-488230.28774878115,1763792.9518034565,1.7
10712,KS,Planted/Cultivated,Pasture/Hay,-97.6329,39.8741,-138415.87694306803,1874059.6753099828,2.08
10859,KS,Planted/Cultivated,Small Grains,-100.5733,37.9348,-397989.64235547156,1665095.1238125993,1.89
10904,KS,Planted/Cultivated,Pasture/Hay,-96.3345,38.9847,-28706.704384124667,1773245.7736561361,2.52
10968,KS,Herbaceous Upland,Grasslands/Herbaceous,-99.7064,38.4515,-320332.5944723622,1719678.7195285612,1.3
11115,KS,Planted/Cultivated,Row Crops,-100.2925,39.763000000000005,-364318.24902258866,1868650.3343729319,1.06
11160,KS,Planted/Cultivated,Small Grains,-99.8827,39.495,-330784.28500782663,1837146.1991226487,1.05
11304,KS,Planted/Cultivated,Fallow,-98.6946,37.0368,-237408.73302664227,1558245.6108139115,1.13
11435,KS,Planted/Cultivated,Row Crops,-101.1044,38.7438,-439298.18615603406,1757994.7187473886,1.2
11480,KS,Planted/Cultivated,Pasture/Hay,-97.704,38.3208,-147563.5189875839,1700104.533920659,1.31
11672,KS,Developed,Low Intensity Residential,-96.18799999999999,38.2596,-16294.914104122106,1691937.9983606888,2.61
11928,KS,Planted/Cultivated,Small Grains,-95.7159,38.0841,24683.173944961247,1672287.8613045304,2.1
11992,KS,Herbaceous Upland,Grasslands/Herbaceous,-97.1967,37.1745,-105252.74555178062,1570972.1598861818,2.62
12072,KS,Herbaceous Upland,Grasslands/Herbaceous,-96.0665,37.6452,-5812.082839021697,1623061.1925953848,2.72
12139,KS,Planted/Cultivated,Row Crops,-100.757,39.3357,-406106.5304538939,1822701.113008511,1.36
12504,KS,Planted/Cultivated,Row Crops,-98.6038,39.9296,-220528.94062873482,1882110.6630730277,0.9
12584,KS,Planted/Cultivated,Pasture/Hay,-100.0436,37.8845,-352162.1601476013,1657372.6033787825,1
12696,KS,Herbaceous Upland,Grasslands/Herbaceous,-95.93799999999999,39.084,5313.573679122045,1784326.694186607,2.8
12715,KS,Herbaceous Upland,Grasslands/Herbaceous,-100.3352,38.1711,-376076.0723653826,1690581.6756910689,1.59
12760,KS,Herbaceous Upland,Grasslands/Herbaceous,-97.5691,39.1041,-134432.9703103707,1787687.6198481603,0.5
12952,KS,Planted/Cultivated,Pasture/Hay,-96.8593,38.048,-74693.37549695304,1668542.4409002245,2.9
13016,KS,Herbaceous Upland,Grasslands/Herbaceous,-98.665,38.4983,-230208.762880551,1721904.9907325965,4.48
13163,KS,Planted/Cultivated,Pasture/Hay,-101.2421,39.3373,-447469.71317678853,1825058.742701176,2.11
59,NM,Forested Upland,Evergreen Forest,-105.1312,36.5464,-808649.1465411844,1538815.5545792847,3.5
63,NM,Shrubland,Shrubland,-103.38600000000001,35.2237,-665943.4467529488,1377724.016423798,0.4
148,NM,Shrubland,Shrubland,-107.2694,34.2249,-1027940.6517083811,1301134.5193250098,0.49
299,NM,Shrubland,Shrubland,-108.5867,36.3617,-1115852.6561449964,1553249.80795,0.2
319,NM,Shrubland,Shrubland,-105.1959,33.8761,-843229.9434748031,1241960.2242796866,0.8
404,NM,Herbaceous Upland,Grasslands/Herbaceous,-106.5879,34.7589,-959404.091816137,1353328.759088069,1.1
495,NM,Shrubland,Shrubland,-104.84299999999999,32.7399,-822753.0250737006,1112579.048616136,1.8
555,NM,Herbaceous Upland,Grasslands/Herbaceous,-106.5796,36.9216,-931754.0987732715,1593889.2163214982,2.14
596,NM,Shrubland,Shrubland,-107.2805,31.8182,-1060754.8231102899,1034559.1840181157,0.25
660,NM,Shrubland,Shrubland,-107.0008,32.9031,-1020602.7038520807,1151617.7759263394,0.9
811,NM,Shrubland,Shrubland,-107.845,36.7274,-1045357.1997344132,1585445.0476180846,0.5
916,NM,Shrubland,Shrubland,-108.2048,33.571,-1122170.0846853806,1239203.145535667,0.53
1003,NM,Shrubland,Shrubland,-103.3658,36.1877,-655769.1065115473,1485184.446130196,1.2
1007,NM,Forested Upland,Evergreen Forest,-105.7185,35.3179,-874527.0021156629,1407130.1741370868,1.4
1083,NM,Shrubland,Shrubland,-103.4155,36.8298,-654577.9946072121,1557237.7078194693,0.9
1172,NM,Forested Upland,Evergreen Forest,-108.2835,35.1853,-1106101.7154619964,1419119.2701348804,2.34
1323,NM,Shrubland,Shrubland,-108.54799999999999,35.597,-1123715.549557693,1467910.0312978073,0.49
1343,NM,Shrubland,Shrubland,-104.6452,33.7877,-793773.9274976369,1227383.3041777664,0.5
1428,NM,Shrubland,Shrubland,-106.9873,34.7796,-995169.4710172844,1359736.6288221395,0.4
1519,NM,Shrubland,Shrubland,-105.1436,32.2771,-855593.8286537548,1063855.221466408,2.23
1620,NM,Shrubland,Shrubland,-107.7962,32.3825,-1101218.920714801,1102846.701974506,0.41
1684,NM,Shrubland,Shrubland,-106.8391,34.1112,-990310.957246711,1283941.5807641277,0.2
1771,NM,Shrubland,Shrubland,-105.6765,36.8446,-853382.2392386226,1576828.6268867769,1.07
1835,NM,Forested Upland,Evergreen Forest,-106.7581,36.1889,-956679.9106094283,1514100.2571321449,2.02
1876,NM,Shrubland,Shrubland,-106.8874,32.2716,-1018179.4764611964,1080437.2735874439,0.26
1940,NM,Herbaceous Upland,Grasslands/Herbaceous,-107.7015,33.8932,-1071712.3462728334,1269105.3235031867,1.39
2027,NM,Forested Upland,Mixed Forest,-105.4967,36.1277,-845590.4303545613,1495323.693765887,2.11
2031,NM,Shrubland,Shrubland,-104.2532,33.4129,-761505.6596148374,1182476.1032884493,0.7
2111,NM,Shrubland,Shrubland,-104.2459,34.5788,-749542.3455818612,1312223.759332762,0.51
2132,NM,Shrubland,Shrubland,-108.7411,32.615,-1185453.848756149,1139926.201925384,0.23
2196,NM,Forested Upland,Evergreen Forest,-107.7032,35.1974,-1053951.6966441036,1413867.6029780894,1.11
2260,NM,Shrubland,Shrubland,-108.7832,34.4422,-1161980.0162297175,1342678.16822521,0.54
2287,NM,Shrubland,Shrubland,-103.7283,32.2385,-723828.4297350732,1047808.2304020675,0.14
2367,NM,Shrubland,Shrubland,-104.3218,33.6296,-765702.4747943829,1207137.9002478432,0.5
2452,NM,Herbaceous Upland,Grasslands/Herbaceous,-105.7382,35.2017,-877623.7674480083,1394375.4822539946,1.3
2543,NM,Shrubland,Shrubland,-104.4669,32.6216,-789029.4946268533,1096248.410237237,2.3
2708,NM,Shrubland,Shrubland,-107.4592,32.9671,-1062069.6628037377,1163732.7874289008,1.29
2795,NM,Shrubland,Shrubland,-103.2215,35.6101,-647857.1858970551,1419708.9028737731,0.49
2799,NM,Shrubland,Shrubland,-105.2252,34.3738,-840516.4348903743,1297589.3359585071,0.9
2859,NM,Shrubland,Shrubland,-106.2848,35.4259,-923986.7241064779,1424509.9370566858,1.3
2900,NM,Shrubland,Shrubland,-106.9005,32.7454,-1013352.116643271,1133066.2586744954,0.3
3051,NM,Herbaceous Upland,Grasslands/Herbaceous,-105.1814,35.5222,-824144.6837737156,1425084.4091359454,0.9
3055,NM,Shrubland,Shrubland,-103.478,33.76,-687087.3309602081,1215205.4807962785,0.43
3115,NM,Shrubland,Shrubland,-107.4557,36.1974,-1018308.9903924405,1522294.580169646,0.77
3135,NM,Shrubland,Shrubland,-104.2437,35.1692,-743620.6485098846,1378006.5185854556,0.96
3220,NM,Shrubland,Shrubland,-108.3538,34.2975,-1125269.18220783,1321473.3087796762,0.66
3311,NM,Shrubland,Shrubland,-104.6877,32.1985,-813855.75127315,1051128.213954808,2.6
3412,NM,Shrubland,Shrubland,-107.7169,32.0847,-1097935.8453559862,1068989.0116236792,0.4
3476,NM,Shrubland,Shrubland,-106.1892,33.7995,-934895.6025499459,1242738.3894825927,2.2
3604,NM,Shrubland,Shrubland,-108.3652,31.8078,-1162353.409278236,1046097.0687889963,0.63
3627,NM,Shrubland,Shrubland,-108.4378,36.7798,-1096615.5732460727,1597948.5413269761,0.5
3732,NM,Herbaceous Upland,Grasslands/Herbaceous,-107.6612,33.4264,-1074422.4683353167,1216898.4126279326,1.5
3803,NM,Shrubland,Shrubland,-108.9121,35.574,-1156472.6493631725,1469726.3680621379,0.6
3819,NM,Herbaceous Upland,Grasslands/Herbaceous,-103.6858,36.6218,-680269.2607333134,1535906.4581631767,2.3
3823,NM,Shrubland,Shrubland,-104.935,34.7637,-810061.6626724651,1338474.4359499295,1.2
3883,NM,Shrubland,Shrubland,-106.6376,35.3686,-956268.4045945577,1421625.3990892665,0.81
3924,NM,Shrubland,Shrubland,-106.0155,32.9392,-929122.864074171,1145514.1510313582,0.9
4075,NM,Shrubland,Shrubland,-104.545,35.9173,-763207.6140779667,1463812.2589605856,1.1
4079,NM,Shrubland,Shrubland,-104.098,33.9242,-742359.506601484,1238153.856363763,0.3
4159,NM,Herbaceous Upland,Grasslands/Herbaceous,-103.4387,35.3379,-669685.9671393037,1390836.2917846928,0.38
4244,NM,Forested Upland,Evergreen Forest,-107.6573,34.4334,-1060296.0738075427,1328537.9869005946,1.27
4308,NM,Shrubland,Shrubland,-108.5125,33.9205,-1145173.7128827148,1281590.6178516764,2.89
4335,NM,Shrubland,Shrubland,-103.2477,33.0819,-671738.2749368565,1138062.2198681226,0.93
4395,NM,Shrubland,Shrubland,-108.3213,36.071,-1096666.9403547696,1517881.154425189,0.5
4415,NM,Shrubland,Shrubland,-105.4414,33.9039,-865360.1266403933,1247258.65189176,0.8
4500,NM,Shrubland,Shrubland,-106.167,34.3622,-926150.8129305522,1305053.1895466081,0.8
4591,NM,Shrubland,Shrubland,-105.1518,32.8827,-849864.5133131008,1131157.330745586,2.9
4651,NM,Forested Upland,Evergreen Forest,-107.2091,36.7694,-988951.3016401049,1583309.8317696743,0.4
4692,NM,Shrubland,Shrubland,-106.9257,32.1932,-1022747.9451122404,1072167.2970402192,0.4
4756,NM,Shrubland,Shrubland,-105.9688,33.0892,-923053.6695288093,1161707.2828042256,1.1
4843,NM,Shrubland,Shrubland,-104.5878,36.5566,-760558.3441892312,1535466.8574474833,1.52
4907,NM,Shrubland,Shrubland,-105.7712,36.5568,-865013.9817195215,1545610.5007442697,1.2
5012,NM,Shrubland,Shrubland,-107.3131,34.0204,-1034622.6300339671,1278911.83470755,1.5
5099,NM,Herbaceous Upland,Grasslands/Herbaceous,-103.9027,36.1018,-704261.3279387922,1479436.9397111423,0.98
5103,NM,Herbaceous Upland,Grasslands/Herbaceous,-105.3096,35.3536,-837461.3939200594,1407422.681099151,0.67
5183,NM,Herbaceous Upland,Grasslands/Herbaceous,-103.1258,34.9084,-645170.7188248216,1340752.061711594,0.98
5268,NM,Herbaceous Upland,Grasslands/Herbaceous,-108.5556,34.8667,-1135158.5469469486,1386984.1937200637,0.67
5359,NM,Shrubland,Shrubland,-104.0385,32.5582,-749802.1469261379,1085735.5840354494,0.6
5419,NM,Forested Upland,Evergreen Forest,-108.5546,35.4347,-1126696.286336859,1449978.610735938,1
5439,NM,Shrubland,Shrubland,-105.1213,33.8617,-836564.7042095247,1239699.3337956541,1.2
5524,NM,Shrubland,Shrubland,-107.0661,35.563,-992089.4788097726,1447636.3648615251,0.5
5615,NM,Shrubland,Shrubland,-105.0836,32.1414,-851440.1121803903,1048260.8677141217,1.1
5716,NM,Shrubland,Shrubland,-108.4558,32.5287,-1160320.8673876363,1126864.7524761045,0.18
5780,NM,Shrubland,Shrubland,-107.0404,34.0171,-1009839.7040393909,1275612.2528547302,1.29
5931,NM,Shrubland,Shrubland,-106.8052,36.4325,-957754.737093067,1541684.1110474328,3
5972,NM,Shrubland,Shrubland,-106.9619,31.7997,-1031167.5558486679,1029006.142301193,0.3
6036,NM,Shrubland,Shrubland,-108.5839,32.838,-1167629.371420852,1162636.1633937454,0.38
6123,NM,Shrubland,Shrubland,-105.7356,36.477,-862787.653628603,1536394.6373314161,1.5
6127,NM,Shrubland,Shrubland,-103.8474,33.4186,-724098.1833505947,1179938.5102490452,0.38
6187,NM,Shrubland,Shrubland,-107.8392,36.1957,-1052248.697565029,1526283.413609258,0.45
6203,NM,Shrubland,Shrubland,-103.8584,36.9234,-692720.6438566848,1570830.6102474218,2.1
6207,NM,Forested Upland,Evergreen Forest,-103.6882,34.4778,-699875.5090350509,1296715.6881551952,0.6
6228,NM,Herbaceous Upland,Grasslands/Herbaceous,-108.3264,32.0782,-1154830.2633749559,1075494.6098678638,0.5
6292,NM,Shrubland,Shrubland,-107.1339,35.5725,-998015.7719621365,1449402.4975748186,0.6
6356,NM,Shrubland,Shrubland,-108.8157,34.2343,-1168041.4243305533,1320042.9317699578,1.52
6383,NM,Herbaceous Upland,Grasslands/Herbaceous,-103.8283,33.1186,-725095.70206429,1146412.7286156595,0.23
6463,NM,Shrubland,Shrubland,-104.3194,33.2534,-769155.3210172852,1165267.5661250611,0.6
6484,NM,Shrubland,Shrubland,-108.2081,31.8815,-1146615.8749345103,1052329.3095787812,0.73
6548,NM,Shrubland,Shrubland,-106.4099,35.2753,-937023.6635776835,1408979.0273984207,4.4
6804,NM,Forested Upland,Evergreen Forest,-107.4217,33.2723,-1054526.2902506622,1197135.7030120897,0.5
6891,NM,Shrubland,Shrubland,-103.2233,36.0922,-643919.3276014201,1473546.0784352855,1.6
6895,NM,Shrubland,Shrubland,-104.8157,35.0092,-796732.8892206962,1364810.904371912,1
6955,NM,Forested Upland,Mixed Forest,-106.4247,35.8486,-931324.671510409,1472916.5811096462,4.68
6996,NM,Shrubland,Shrubland,-106.6156,32.4387,-990791.5106882583,1096074.7228138272,0.28
7147,NM,Forested Upland,Evergreen Forest,-105.6301,35.5904,-863514.0391598606,1436665.7665539635,6.1
7151,NM,Shrubland,Shrubland,-103.7369,34.0101,-708550.9758369487,1244963.671432712,0.72
7211,NM,Shrubland,Shrubland,-107.2038,35.5307,-1004802.8465753732,1445492.1263606302,0.7
7231,NM,Shrubland,Shrubland,-104.9051,33.3695,-821938.9015433931,1183080.487925965,1.4
7316,NM,Shrubland,Shrubland,-106.8726,34.3427,-990403.9743346125,1310001.3188397516,0.1
7407,NM,Shrubland,Shrubland,-104.3153,32.4531,-776580.4196465932,1076281.671079166,1.2
7508,NM,Shrubland,Shrubland,-107.1609,32.686,-1038226.2139999849,1129295.37801314,0.5
7572,NM,Shrubland,Shrubland,-105.8577,34.2975,-898827.2139763176,1294889.7701492999,1.3
7700,NM,Shrubland,Shrubland,-108.3586,31.7473,-1162610.2882738677,1039335.1553427826,0.43
7723,NM,Shrubland,Shrubland,-107.3919,36.631,-1006856.8120798834,1569833.5228088761,0.7
7828,NM,Herbaceous Upland,Grasslands/Herbaceous,-108.1293,33.4781,-1116586.7821776657,1228022.9982425892,0.58
7915,NM,Shrubland,Shrubland,-103.0724,36.6397,-625932.8277996379,1533690.221633024,0.86
7919,NM,Shrubland,Shrubland,-104.6191,34.5269,-783900.4158162248,1309453.4453449752,0.95
7979,NM,Forested Upland,Mixed Forest,-106.6652,35.8809,-952316.2368059364,1478894.4832002635,1.41
8020,NM,Shrubland,Shrubland,-105.5431,32.0908,-894934.7145237467,1046870.9985643676,0.8
8171,NM,Shrubland,Shrubland,-104.86200000000001,35.7968,-792696.6057334257,1452971.2986315028,1.43
8175,NM,Shrubland,Shrubland,-103.2822,33.3589,-672562.2700829069,1169139.865388061,0.9
8235,NM,Shrubland,Shrubland,-108.9209,36.6051,-1141604.5460930537,1584239.4156754462,0.4
8255,NM,Herbaceous Upland,Grasslands/Herbaceous,-103.1363,35.2597,-643170.5864699981,1380021.24106538,0.33
8276,NM,Shrubland,Shrubland,-108.8065,31.8167,-1203456.2623629658,1052572.6735319183,INS
8340,NM,Shrubland,Shrubland,-107.1638,34.1452,-1019397.0655390925,1291149.8277660632,0.53
8404,NM,Shrubland,Shrubland,-108.7674,34.5875,-1158376.0934914674,1358587.206275304,0.48
8431,NM,Shrubland,Shrubland,-103.4419,32.1782,-697586.0410607668,1038966.8080245026,0.31
8491,NM,Herbaceous Upland,Grasslands/Herbaceous,-108.0474,36.1854,-1070800.6512653236,1527464.5354424033,0.27
8511,NM,Shrubland,Shrubland,-105.2081,34.1331,-841566.514109053,1270655.8323676924,0.6
8596,NM,Herbaceous Upland,Grasslands/Herbaceous,-105.9783,34.7279,-904739.045845817,1343902.608124628,1.6
8687,NM,Shrubland,Shrubland,-105.4469,32.063,-886250.5777389179,1042887.0739573296,0.9
8747,NM,Herbaceous Upland,Grasslands/Herbaceous,-106.7639,36.8899,-948318.1138300896,1592182.81928047,0.8
8788,NM,Shrubland,Shrubland,-107.641,32.3615,-1087089.5284001385,1098736.3150584397,0.4
8852,NM,Shrubland,Shrubland,-106.0018,33.5549,-920635.5788874545,1213738.441144637,0.4
8923,NM,Shrubland,Shrubland,-108.8745,35.8242,-1149342.4271375886,1497024.3896763325,0.55
9003,NM,Forested Upland,Mixed Forest,-106.7668,36.0056,-959770.9972230244,1493791.589262057,6.16
9108,NM,Forested Upland,Mixed Forest,-107.67,33.7443,-1070879.738910701,1252238.955170823,0.2
9195,NM,Shrubland,Shrubland,-103.6794,35.6196,-688763.8112061028,1423989.2924442263,0.41
9199,NM,Shrubland,Shrubland,-105.1546,34.9125,-828309.0577877166,1356937.85768152,0.92
9275,NM,Herbaceous Upland,Grasslands/Herbaceous,-103.315,36.7428,-646473.8844069439,1546831.749511123,0.85
9279,NM,Shrubland,Shrubland,-103.9802,34.6498,-724782.266770584,1318074.4739815672,0.94
9300,NM,Shrubland,Shrubland,-108.8037,32.3122,-1195778.3256485544,1107250.7287214675,0.27
9364,NM,Forested Upland,Evergreen Forest,-108.2083,35.2481,-1098467.1831381067,1425216.6615640915,1.1
9455,NM,Shrubland,Shrubland,-103.5109,32.5175,-701054.0084314998,1077184.4624720716,0.8
9535,NM,Herbaceous Upland,Grasslands/Herbaceous,-104.4947,34.393,-773953.2863039519,1293521.7170343692,0.39
9620,NM,Shrubland,Shrubland,-106.679,35.0148,-964414.1152466794,1382700.017921366,6.9
9711,NM,Shrubland,Shrubland,-104.6044,33.0791,-797192.9053384191,1148236.2298643123,1.3
9876,NM,Shrubland,Shrubland,-106.671,33.8652,-978098.1913941723,1254884.4339190775,0.31
9963,NM,Forested Upland,Evergreen Forest,-105.5532,36.7314,-843817.9304093666,1563109.8075956744,4.87
9967,NM,Herbaceous Upland,Grasslands/Herbaceous,-105.8529,34.7114,-893600.9784875656,1340880.5831623967,1.4
10027,NM,Forested Upland,Evergreen Forest,-106.8278,36.4757,-959199.1324939455,1546719.8659943023,0.8
10132,NM,Shrubland,Shrubland,-108.6557,32.937,-1172785.442385366,1174469.7202953424,1.22
10219,NM,Forested Upland,Mixed Forest,-105.3066,36.3242,-826566.7308512628,1515551.7499094636,1.17
10223,NM,Herbaceous Upland,Grasslands/Herbaceous,-103.1258,34.2736,-650489.0061824842,1269957.7214347133,0.96
10283,NM,Shrubland,Shrubland,-107.7373,36.2599,-1042352.474352715,1532295.6387641248,0.75
10299,NM,Herbaceous Upland,Grasslands/Herbaceous,-104.1175,36.6976,-717664.0106635033,1547544.1719620808,2.1
10303,NM,Herbaceous Upland,Grasslands/Herbaceous,-103.6122,35.0433,-687910.5593637101,1359211.2505239293,0.64
10324,NM,Shrubland,Shrubland,-108.9424,31.9359,-1214345.726321178,1067457.893295433,0.23
10388,NM,Herbaceous Upland,Grasslands/Herbaceous,-108.1431,34.3323,-1105686.862167796,1322858.5819282483,0.61
10479,NM,Shrubland,Shrubland,-103.5597,32.7156,-703843.5704425147,1099570.7864367724,0.9
10580,NM,Shrubland,Shrubland,-107.6706,31.9287,-1095748.3407385834,1051204.6082169926,0.3
10644,NM,Shrubland,Shrubland,-105.8384,33.6955,-904026.3034427639,1227789.7358027804,0.47
10795,NM,Shrubland,Shrubland,-108.2697,36.6465,-1083800.326170113,1581212.0796804775,0.4
10900,NM,Shrubland,Shrubland,-107.2739,33.1577,-1042459.0976724105,1182802.4213160614,0.4
10987,NM,Herbaceous Upland,Grasslands/Herbaceous,-104.3851,36.3196,-744993.2265682367,1507419.276445202,1.4
10991,NM,Herbaceous Upland,Grasslands/Herbaceous,-104.6664,34.9569,-783810.2933165168,1357742.5834247337,1.2
11051,NM,Shrubland,Shrubland,-107.0794,35.6585,-992032.8419793892,1458393.8112974963,0.6
11092,NM,Shrubland,Shrubland,-106.0559,32.5018,-938010.1629872259,1097389.4633143637,0.08
11243,NM,Herbaceous Upland,Grasslands/Herbaceous,-105.4377,35.8728,-843184.4549566789,1466396.5667973813,3.4
11247,NM,Shrubland,Shrubland,-103.6499,34.177,-699100.7436343363,1262912.881253717,0.84
11307,NM,Shrubland,Shrubland,-107.9667,35.5559,-1072518.186672743,1456630.2787265093,0.1
11327,NM,Herbaceous Upland,Grasslands/Herbaceous,-105.5116,33.5182,-876078.3890197885,1205027.098804583,0.9
11412,NM,Herbaceous Upland,Grasslands/Herbaceous,-106.7579,34.5756,-977058.8533447165,1334688.4818687185,1
11503,NM,Shrubland,Shrubland,-104.79299999999999,32.485,-820741.0949841357,1083838.9898129625,2.1
11563,NM,Forested Upland,Mixed Forest,-106.1482,36.7319,-896173.2708367688,1568612.558419823,1.38
11604,NM,Shrubland,Shrubland,-107.5266,32.6886,-1072045.5074156804,1133643.6421125603,0.43
11668,NM,Shrubland,Shrubland,-106.9278,33.1987,-1010074.7006715017,1183610.5988528242,0.15
11796,NM,Shrubland,Shrubland,-108.9265,31.5064,-1219348.926055133,1019866.6714351089,0.78
11819,NM,Shrubland,Shrubland,-107.7275,36.8208,-1033752.3693667199,1594543.6018243511,1.42
11924,NM,Herbaceous Upland,Grasslands/Herbaceous,-108.3317,33.9348,-1128513.3566401622,1281012.1432658583,0.77
11995,NM,Herbaceous Upland,Grasslands/Herbaceous,-108.667,35.3957,-1137304.0626939088,1446990.597818526,1.2
12011,NM,Herbaceous Upland,Grasslands/Herbaceous,-103.101,36.2185,-631981.4482537276,1486829.935845081,0.49
12015,NM,Shrubland,Shrubland,-104.5071,34.7773,-771237.8486254101,1336429.3050831682,1.2
12116,NM,Shrubland,Shrubland,-105.6432,32.2992,-901936.947361655,1070926.5570919898,1.1
12180,NM,Forested Upland,Evergreen Forest,-108.9327,33.7443,-1186068.5474680867,1267233.1389120289,0.54
12267,NM,Herbaceous Upland,Grasslands/Herbaceous,-104.7984,36.2316,-782522.5243888515,1500924.723693798,2.5
12271,NM,Herbaceous Upland,Grasslands/Herbaceous,-103.4794,33.6663,-688038.6975553223,1204780.1888515325,0.5
12351,NM,Herbaceous Upland,Grasslands/Herbaceous,-103.338,34.7488,-665722.8980151209,1324413.4937964727,0.6
12372,NM,Shrubland,Shrubland,-108.991,32.0802,-1216686.3294285724,1084007.9557147976,0.6
12436,NM,Herbaceous Upland,Grasslands/Herbaceous,-107.3245,34.1818,-1033515.6280056442,1296948.1372424366,0.2
12500,NM,Shrubland,Shrubland,-108.6391,34.8331,-1143161.8440082218,1384259.3056555078,0.6
12527,NM,Shrubland,Shrubland,-103.6526,32.518,-714247.2143065082,1078295.1917369433,0.21
12587,NM,Shrubland,Shrubland,-108.0855,35.5652,-1082976.4483407403,1459010.312923967,1.4
12607,NM,Shrubland,Shrubland,-104.9341,34.3027,-814819.7225707053,1287141.0118877462,1.4
12692,NM,Shrubland,Shrubland,-105.796,34.3074,-893107.5088780617,1295408.9723260368,1.24
12783,NM,Shrubland,Shrubland,-104.9294,32.2423,-835974.1767808279,1058087.2815071526,0.8
12884,NM,Shrubland,Shrubland,-107.9499,32.5675,-1112904.999981905,1125105.548606477,1.12
12948,NM,Shrubland,Shrubland,-106.0461,33.2109,-928751.2062416683,1175970.1987104327,0.4
13019,NM,Shrubland,Shrubland,-108.8104,36.2488,-1137264.6447891993,1543368.8215972364,0.3
13035,NM,Shrubland,Shrubland,-105.071,36.641999999999996,-802313.4573169366,1548965.9260516975,1.43
13099,NM,Herbaceous Upland,Grasslands/Herbaceous,-106.4013,36.2436,-924410.737497013,1516657.476044737,0.9
13140,NM,Shrubland,Shrubland,-106.6139,32.3513,-991719.57845624,1086373.1312245578,0.43
13204,NM,Shrubland,Shrubland,-107.2725,33.5436,-1037231.1016371949,1225573.8259370972,0.76
91,WY,Planted/Cultivated,Small Grains,-104.0922,41.2591,-671962.2741126354,2056626.6865542757,0.7
123,WY,Herbaceous Upland,Grasslands/Herbaceous,-109.6397,41.1826,-1131322.6638481822,2100762.337803486,0.5
187,WY,Shrubland,Shrubland,-107.4446,43.6402,-917212.7823451683,2349477.945003004,3.67
251,WY,Shrubland,Shrubland,-107.637,41.6089,-960286.6481313026,2126021.3897302537,2.17
347,WY,Herbaceous Upland,Grasslands/Herbaceous,-104.4789,42.4492,-692126.2007802145,2192043.536673695,0.64
379,WY,Shrubland,Shrubland,-110.3044,42.8591,-1157928.1219994233,2294271.2715228167,1
443,WY,Forested Upland,Mixed Forest,-109.1815,44.0302,-1049564.9238751973,2410593.7502856175,3.99
603,WY,Shrubland,Shrubland,-106.0807,41.2399,-836753.0526753254,2070271.908411636,1.2
699,WY,Shrubland,Shrubland,-108.54899999999999,42.8976,-1016148.9636741233,2278450.5109856855,0.86
814,WY,Shrubland,Shrubland,-109.1621,44.7795,-1036503.6389058474,2493070.461279907,1.26
891,WY,Shrubland,Shrubland,-110.4042,43.6075,-1153326.4421791744,2378105.857524917,2.74
955,WY,Shrubland,Shrubland,-108.4193,41.236999999999995,-1029910.4338247518,2092918.311301656,0.6
971,WY,Herbaceous Upland,Grasslands/Herbaceous,-105.645,44.4957,-763863.7242583154,2428366.8210462094,1.43
1051,WY,Herbaceous Upland,Grasslands/Herbaceous,-104.4242,43.8005,-674312.0000817514,2341974.5443706587,1.3
1211,WY,Herbaceous Upland,Grasslands/Herbaceous,-107.6654,42.3901,-951918.6423428629,2213037.398324551,1.13
1275,WY,Shrubland,Shrubland,-106.7485,41.6007,-887397.0115679365,2116472.668461537,1.14
1371,WY,Herbaceous Upland,Grasslands/Herbaceous,-106.1618,42.1909,-832102.1807153326,2176794.8351506535,1
1403,WY,Forested Upland,Mixed Forest,-110.51700000000001,43.1794,-1169560.430956678,2332243.946993904,6.43
1467,WY,Herbaceous Upland,Grasslands/Herbaceous,-108.376,44.1073,-984686.2391746817,2410491.8023249214,0.5
1483,WY,Shrubland,Shrubland,-106.1335,42.7606,-823015.2027638536,2239875.1752874805,2.91
1723,WY,Shrubland,Shrubland,-108.155,42.723,-986910.6361335875,2254952.510228547,1.4
1726,WY,Herbaceous Upland,Grasslands/Herbaceous,-105.4011,44.9221,-739921.9158677234,2473679.3811506536,1.86
1739,WY,Herbaceous Upland,Grasslands/Herbaceous,-104.6579,43.5787,-695218.9404080132,2319009.602478456,0.9
1774,WY,Forested Upland,Evergreen Forest,-110.0544,44.9905,-1102814.2072549919,2526359.7494777576,5.76
1915,WY,Herbaceous Upland,Grasslands/Herbaceous,-110.57700000000001,43.6934,-1165589.744170671,2389688.425013705,8.13
1979,WY,Shrubland,Shrubland,-108.8163,41.7856,-1054380.808815913,2158131.650780786,1
1995,WY,Shrubland,Shrubland,-106.5311,44.3525,-835530.1354103151,2419957.5043358733,1.6
2235,WY,Shrubland,Shrubland,-107.2032,42.6193,-911367.1925219363,2233943.603018884,0.41
2299,WY,Shrubland,Shrubland,-108.6469,41.0158,-1051960.4589601723,2070860.382362957,1.5
2395,WY,Shrubland,Shrubland,-105.2522,42.0573,-759318.8865899248,2154313.8269429933,1.03
2427,WY,Shrubland,Shrubland,-109.7549,42.7541,-1115456.2167520772,2276093.2182108783,1.11
2491,WY,Shrubland,Shrubland,-108.2849,43.638999999999996,-984212.2044204808,2357751.495328418,1.3
2507,WY,Herbaceous Upland,Grasslands/Herbaceous,-105.0104,42.7208,-732511.783236348,2226258.133883227,1.55
2606,WY,Shrubland,Shrubland,-108.6743,44.6756,-999860.6279002961,2476381.8537962674,0.5
2651,WY,Shrubland,Shrubland,-105.1234,41.2718,-757206.7619740891,2065796.6136881174,1.6
2747,WY,Shrubland,Shrubland,-108.8755,42.8392,-1043308.6038941591,2275521.3678189227,0.9
2763,WY,Herbaceous Upland,Grasslands/Herbaceous,-104.8196,42.7906,-716322.6313819888,2232569.674397113,2.2
2875,WY,Shrubland,Shrubland,-110.8989,41.43600000000001,-1230515.4844837624,2144457.806628614,2.3
2939,WY,Shrubland,Shrubland,-108.0906,44.2761,-959715.2095440346,2426233.3146327185,0.4
3003,WY,Shrubland,Shrubland,-107.3262,42.0072,-929463.9270895576,2167170.9018248664,0.55
3163,WY,Herbaceous Upland,Grasslands/Herbaceous,-104.7173,41.4945,-721315.4138777455,2087455.9797927272,1
3259,WY,Shrubland,Shrubland,-107.7203,43.1139,-946425.6770533018,2293859.8238524375,0.46
3374,WY,Herbaceous Upland,Grasslands/Herbaceous,-106.9066,44.7714,-859850.1134907153,2469670.8940654327,2.64
3419,WY,Herbaceous Upland,Grasslands/Herbaceous,-105.5989,41.6939,-791776.7090704215,2116686.3549835393,0.8
3515,WY,Herbaceous Upland,Grasslands/Herbaceous,-109.0802,44.1407,-1039859.776807611,2421683.24528043,1.5
3531,WY,Herbaceous Upland,Grasslands/Herbaceous,-105.2663,43.1886,-748162.6829659886,2280271.9924531244,0.8
3771,WY,Herbaceous Upland,Grasslands/Herbaceous,-108.6237,42.0949,-1034047.1109709978,2190307.335020053,0.9
3787,WY,Shrubland,Shrubland,-105.4583,43.652,-758473.9843213401,2333274.3259897027,1.81
3899,WY,Shrubland,Shrubland,-109.4916,42.0042,-1106112.2708311481,2190030.191049819,0.42
3963,WY,Forested Upland,Mixed Forest,-107.1479,44.1655,-886687.5731285102,2404838.915594943,4.24
4027,WY,Shrubland,Shrubland,-106.8938,42.2482,-891055.3815721078,2189800.0190395983,0.32
4043,WY,Shrubland,Shrubland,-104.72200000000001,44.4495,-691452.0715117342,2416176.2996385014,1.87
4219,WY,Shrubland,Shrubland,-109.5071,41.3813,-1117248.0223517057,2121210.871110617,0.96
4283,WY,Shrubland,Shrubland,-108.0239,43.8817,-959998.1785796689,2381937.8544496936,0.37
4347,WY,Forested Upland,Mixed Forest,-106.5152,41.3766,-870984.922218763,2089388.864415589,3.07
4443,WY,Herbaceous Upland,Grasslands/Herbaceous,-104.5961,42.0031,-706173.6209395301,2143218.943378679,1.5
4475,WY,Shrubland,Shrubland,-110.4833,43.0986,-1168236.4725829628,2322910.0327269305,6.9
4539,WY,Herbaceous Upland,Grasslands/Herbaceous,-108.8886,43.6887,-1031538.2685793783,2369651.373286673,1.5
4555,WY,Herbaceous Upland,Grasslands/Herbaceous,-105.7103,43.2898,-782736.6576464756,2295092.786680644,1.45
4795,WY,Herbaceous Upland,Grasslands/Herbaceous,-108.83200000000001,42.5606,-1043996.7437196374,2244191.5613905746,5.24
4987,WY,Herbaceous Upland,Grasslands/Herbaceous,-110.0167,43.7353,-1120432.5444465405,2387571.6692152913,3.71
5051,WY,Shrubland,Shrubland,-108.6902,41.4516,-1049045.1606686818,2119694.4300157735,0.2
5067,WY,Herbaceous Upland,Grasslands/Herbaceous,-106.2703,43.8068,-821482.8379696996,2357202.990978729,1.2
5307,WY,Shrubland,Shrubland,-107.5977,42.5849,-943770.6429255612,2233976.6454569222,0.32
5467,WY,Shrubland,Shrubland,-105.934,42.2921,-812336.6309825052,2186077.8902827115,1.68
5499,WY,Herbaceous Upland,Grasslands/Herbaceous,-110.9835,42.8847,-1212005.718752093,2305565.4673648863,5.11
5563,WY,Shrubland,Shrubland,-108.6851,44.6781,-1000670.5124898072,2476771.454378441,0.6
5579,WY,Herbaceous Upland,Grasslands/Herbaceous,-105.8784,42.8,-801915.4820305527,2242072.729476659,1.3
5819,WY,Herbaceous Upland,Grasslands/Herbaceous,-108.6802,42.5287,-1032194.6823324838,2238999.50836095,1.67
5835,WY,Herbaceous Upland,Grasslands/Herbaceous,-104.4031,43.3297,-677267.5073069914,2289486.2388433376,1.07
5870,WY,Forested Upland,Mixed Forest,-110.0968,44.9202,-1107273.1064514888,2519114.769060615,2.06
5947,WY,Shrubland,Shrubland,-110.3271,42.1643,-1171417.036265563,2217757.9801899493,0.7
6011,WY,Shrubland,Shrubland,-110.6435,43.5108,-1173992.6824314808,2370369.377023348,6.66
6075,WY,Shrubland,Shrubland,-109.4999,42.1485,-1104503.068484308,2206104.535361992,0.62
6091,WY,Herbaceous Upland,Grasslands/Herbaceous,-106.3174,44.7217,-814186.4901796386,2458982.116391757,5.77
6331,WY,Herbaceous Upland,Grasslands/Herbaceous,-106.5113,42.9637,-851071.2206033056,2265762.288200464,0.9
6491,WY,Forested Upland,Mixed Forest,-106.1376,41.3842,-839738.2965530714,2086835.9093390063,3.96
6523,WY,Shrubland,Shrubland,-110.4727,42.3112,-1180737.7720111923,2235799.458469103,11.6
6587,WY,Shrubland,Shrubland,-108.2077,43.9999,-972903.9638964958,2396882.8003039747,0.79
6603,WY,Herbaceous Upland,Grasslands/Herbaceous,-105.4344,42.5675,-768568.8465977311,2212553.0755490595,2.01
6779,WY,Forested Upland,Evergreen Forest,-110.7349,44.4336,-1165369.1563125807,2473178.9699281305,3.35
6843,WY,Shrubland,Shrubland,-109.2518,42.5894,-1077485.615174958,2252066.3022423014,2.41
6859,WY,Herbaceous Upland,Grasslands/Herbaceous,-104.1953,42.5871,-667706.8153961131,2205370.944319256,0.93
6971,WY,Forested Upland,Mixed Forest,-110.3623,41.0222,-1193515.9730784409,2091836.3838080917,6.19
7035,WY,Herbaceous Upland,Grasslands/Herbaceous,-107.7948,44.2794,-936312.1779488605,2423647.4291591966,0.9
7099,WY,Shrubland,Shrubland,-107.5274,41.9657,-946456.4253922274,2164547.8590305145,0.34
7259,WY,Herbaceous Upland,Grasslands/Herbaceous,-104.1322,41.5723,-672279.4549487421,2091839.1010785436,1.17
7355,WY,Herbaceous Upland,Grasslands/Herbaceous,-106.8307,43.3752,-871595.5428623982,2314324.350094199,1.4
7470,WY,Shrubland,Shrubland,-108.1658,44.881,-957050.1500610999,2493819.5864491398,0.6
7515,WY,Herbaceous Upland,Grasslands/Herbaceous,-105.1931,41.5478,-759989.7627353505,2097103.1197175027,2.44
7611,WY,Shrubland,Shrubland,-108.4483,43.26,-1002754.5750504388,2317510.174641011,0.5
7627,WY,Herbaceous Upland,Grasslands/Herbaceous,-105.4479,43.3928,-760514.1871059984,2304403.7321636546,2.35
7662,WY,Forested Upland,Evergreen Forest,-110.8065,44.535,-1169233.20597813,2485218.903799591,5.28
7675,WY,Shrubland,Shrubland,-106.4807,41.0974,-871579.014081685,2058006.3883628186,2.43
7726,WY,Herbaceous Upland,Grasslands/Herbaceous,-109.3175,44.8458,-1047630.564545772,2502083.8847103324,0.97
7803,WY,Herbaceous Upland,Grasslands/Herbaceous,-110.6619,44.0912,-1165506.2218396657,2434576.0266567245,3.85
7867,WY,Shrubland,Shrubland,-107.9769,42.3259,-978106.9623020947,2209077.589631084,0.81
7883,WY,Herbaceous Upland,Grasslands/Herbaceous,-105.3071,44.0992,-741510.766093676,2381720.056762432,1.16
7995,WY,Shrubland,Shrubland,-110.1762,41.9566,-1162623.9711356573,2192933.4928324046,0.7
8059,WY,Herbaceous Upland,Grasslands/Herbaceous,-106.9175,43.5945,-875744.1483182466,2339440.933185181,1.51
8123,WY,Shrubland,Shrubland,-106.6239,42.0354,-871727.331909362,2163648.877641061,0.7
8139,WY,Shrubland,Shrubland,-104.9057,44.5783,-704630.3718900074,2431812.233166169,3.9
8219,WY,Shrubland,Shrubland,-104.5426,43.8006,-683762.9205506698,2342831.655388285,1.06
8283,WY,Planted/Cultivated,Fallow,-104.3307,41.1767,-692524.5049834187,2049148.3659710453,0.48
8379,WY,Shrubland,Shrubland,-107.7554,43.8305,-939376.2887768595,2373588.094168971,0.63
8443,WY,Herbaceous Upland,Grasslands/Herbaceous,-106.4753,41.6003,-864939.1461500953,2113909.386108495,2.86
8539,WY,Herbaceous Upland,Grasslands/Herbaceous,-104.3203,42.0469,-683147.0015654811,2146082.982643978,1.63
8571,WY,Shrubland,Shrubland,-110.0105,43.0145,-1131761.3275338644,2307899.9548878735,2.66
8635,WY,Shrubland,Shrubland,-109.3765,43.6602,-1070779.9901723596,2371898.1786832283,1.29
8651,WY,Herbaceous Upland,Grasslands/Herbaceous,-106.3226,43.1177,-833988.5216054524,2281188.4581459253,1.54
8699,WY,Shrubland,Shrubland,-107.8187,41.1072,-982169.978632469,2072146.0725379668,0.9
8891,WY,Forested Upland,Evergreen Forest,-108.7533,42.586000000000006,-1037252.5288748163,2246143.327050902,2.81
8907,WY,Herbaceous Upland,Grasslands/Herbaceous,-104.1371,43.4824,-654424.0498901674,2304605.001350497,2.1
9083,WY,Forested Upland,Deciduous Forest,-110.3408,43.7794,-1145405.305558296,2396300.8451924166,4.87
9147,WY,Shrubland,Shrubland,-109.0367,41.482,-1077046.0545130747,2126941.8555849073,0.5
9163,WY,Herbaceous Upland,Grasslands/Herbaceous,-106.2336,44.1338,-814639.273290989,2393143.0124304993,2.09
9403,WY,Shrubland,Shrubland,-107.2647,42.6557,-915865.6346473573,2238574.8960245154,0.23
9467,WY,Shrubland,Shrubland,-107.9037,41.1147,-989091.9814548184,2073860.8386330712,1.1
9563,WY,Herbaceous Upland,Grasslands/Herbaceous,-105.1562,42.0193,-751873.6829896993,2149319.8817857793,1.58
9595,WY,Shrubland,Shrubland,-109.7963,42.442,-1123836.6454026015,2242061.3995621097,0.74
9659,WY,Shrubland,Shrubland,-108.9267,44.3246,-1024952.8557738981,2440322.508686781,1
9675,WY,Shrubland,Shrubland,-105.9376,42.5395,-809742.7708448828,2213617.9510574597,1.15
9915,WY,Shrubland,Shrubland,-108.4488,42.6774,-1011296.0733765766,2252987.6448643017,1.4
9918,WY,Shrubland,Shrubland,-105.5324,44.8399,-751137.777574092,2465605.1933485526,4.29
9931,WY,Herbaceous Upland,Grasslands/Herbaceous,-104.5573,43.6998,-685947.6493592896,2331736.9108196064,1.7
9966,WY,Forested Upland,Evergreen Forest,-110.7308,44.8064,-1158637.3265291967,2514151.036729051,3.57
10043,WY,Shrubland,Shrubland,-110.9207,41.623999999999995,-1229011.1872248843,2165522.382334945,4.2
10107,WY,Shrubland,Shrubland,-107.8256,44.5888,-934465.952748811,2458157.5816251733,6.9
10171,WY,Shrubland,Shrubland,-109.0075,42.097,-1065259.6858483027,2194779.2113591987,0.7
10187,WY,Herbaceous Upland,Grasslands/Herbaceous,-106.1996,44.7568,-804507.7098977116,2461864.3260402954,1.4
10427,WY,Shrubland,Shrubland,-107.9145,43.3301,-959006.9707371952,2319763.60203163,0.2
10587,WY,Shrubland,Shrubland,-105.652,41.5741,-797500.9871734049,2103792.512681772,1.75
10619,WY,Shrubland,Shrubland,-110.5135,42.5086,-1180683.0064116868,2258120.549678476,3.8
10683,WY,Forested Upland,Mixed Forest,-109.6307,44.46,-1078242.8252464046,2463053.1755734645,3.59
10699,WY,Shrubland,Shrubland,-105.2894,43.4219,-747479.6025343335,2306379.0459937532,0.94
10811,WY,Shrubland,Shrubland,-111.0119,41.0563,-1246457.5870090995,2103948.342038126,4.39
10875,WY,Forested Upland,Evergreen Forest,-110.8628,44.1153,-1180928.1447330497,2439710.859512747,N.S.
10939,WY,Shrubland,Shrubland,-108.1692,41.7635,-1001759.5936899584,2148679.8176219594,0.6
10955,WY,Herbaceous Upland,Grasslands/Herbaceous,-104.3061,43.0947,-671760.386491242,2262655.957660265,2.5
11067,WY,Shrubland,Shrubland,-110.4834,41.485,-1195636.255179427,2144573.0966517036,5.1
11131,WY,Herbaceous Upland,Grasslands/Herbaceous,-106.8678,44.5592,-859501.1135658964,2445843.610959547,4.51
11195,WY,Shrubland,Shrubland,-107.9627,42.0139,-981334.2628313109,2174313.71777923,0.37
11355,WY,Herbaceous Upland,Grasslands/Herbaceous,-104.1931,41.7845,-675256.8982988701,2115929.053553176,1.48
11451,WY,Shrubland,Shrubland,-106.6198,43.0426,-858836.8656620122,2275497.9082417423,0.41
11611,WY,Shrubland,Shrubland,-105.0511,41.748999999999995,-746145.308901191,2118389.738549664,3.1
11707,WY,Shrubland,Shrubland,-108.6996,43.2794,-1022589.6159204337,2322335.3462644564,0.2
11771,WY,Shrubland,Shrubland,-106.7472,41.2059,-892277.0433446558,2072551.4950640667,0.46
11899,WY,Forested Upland,Evergreen Forest,-110.5961,44.3159,-1156484.9754263556,2458523.6454365742,1.81
11963,WY,Shrubland,Shrubland,-108.0398,41.4224,-995988.1098712035,2109455.6268644393,2.8
11979,WY,Herbaceous Upland,Grasslands/Herbaceous,-105.3666,44.4082,-742846.8342934736,2416459.8248028746,2.13
12091,WY,Shrubland,Shrubland,-109.6976,41.5462,-1130245.7795207133,2141731.5369896665,0.6
12155,WY,Shrubland,Shrubland,-106.7811,43.8602,-861494.2388153932,2367646.3634527703,1.45
12219,WY,Shrubland,Shrubland,-106.9777,41.2455,-910818.8405815779,2079142.5516719546,3.01
12315,WY,Herbaceous Upland,Grasslands/Herbaceous,-104.507,44.1398,-677539.3328398808,2380253.097963718,1.41
12475,WY,Shrubland,Shrubland,-107.8871,42.912,-962638.8928917634,2273155.018216643,0.41
12539,WY,Shrubland,Shrubland,-106.9085,41.4331,-902697.4186662487,2099343.2337649614,1.1
12635,WY,Shrubland,Shrubland,-106.1443,41.9347,-833727.8197360466,2148147.8429150977,0.8
12667,WY,Forested Upland,Mixed Forest,-110.8838,42.9064,-1203629.1521076325,2306692.9724636264,17.9
12731,WY,Herbaceous Upland,Grasslands/Herbaceous,-109.6508,43.6478,-1092785.9069837697,2373650.861365124,1.6
12747,WY,Herbaceous Upland,Grasslands/Herbaceous,-106.0053,43.5326,-803581.2358375717,2324514.4472956224,2.17
12987,WY,Shrubland,Shrubland,-109.5625,42.5699,-1102888.4656085945,2253472.4970913576,1.09
12990,WY,Shrubland,Shrubland,-106.2089,44.9584,-802832.3516947294,2484254.7811053116,3.25
