FIPS,x,y,pop,cancer,poverty,smoking,PM25,NO2,SO2
13111,1056523.936,1376613.19,116485,72,15.92,15.92,27.93,0.98,0.06
42115,1653442.064,2267301.476,194008.4,59,12.22,12.22,26.97,1.50,0.03
42075,1633708.275,2096683.059,232863.8,61,8.99,8.99,25.27,3.62,0.12
51683,1584048.852,1901443.401,535115.3333,62,7.86,7.86,22.90,3.62,0.12
36057,1735811.102,2409536.493,41523.73333,59,14.75,14.75,27.18,1.63,0.01
13149,1003646.751,1193901.75,143675.5333,86,17.51,17.51,30.21,1.63,0.14
37153,1463896.202,1452940.213,664190.4667,79,21.93,21.93,29.48,1.49,0.02
51735,1716542.533,1743450.717,1497229.867,61,4.65,4.65,21.23,2.52,0.06
37003,1320295.845,1533038.997,30575.53333,64,12.67,12.67,27.77,1.79,0.09
37063,1520852.145,1580156.875,150363.5333,65,14.81,14.81,19.58,1.94,0.06
36093,1768117.621,2407434.527,134009.2667,62,11.25,11.25,23.79,2.09,0.01
51590,1463355.628,1632109.561,269055.7333,72,21.37,21.37,29.71,2.11,0.13
51600,1597510.11,1916180.732,59110.26667,41,5.57,5.57,15.58,4.15,0.13
51530,1445710.523,1759556.916,31159.26667,61,13.17,13.17,31.70,1.67,0.03
37181,1555147.596,1623916.995,762991.9333,79,22.22,22.22,29.66,1.74,0.06
13003,1240686.99,999295.872,264758.6,93,24.16,24.16,28.29,0.64,0.01
51081,1622534.834,1672340.575,69885.33333,78,20.35,20.35,28.42,1.58,0.04
36015,1568845.615,2286060.403,15358.06667,73,14.36,14.36,26.11,1.64,0.04
51790,1462544.758,1811357.668,41482.93333,63,13.55,13.55,25.05,1.51,0.03
37157,1434932.939,1605912.888,15139.86667,78,14.53,14.53,31.10,2.30,0.11
13119,1161855.577,1335144.383,12212.06667,72,16.57,16.57,27.51,1.39,0.03
42001,1581875.064,2029400.655,15129.26667,56,7.60,7.60,24.32,3.29,0.11
51540,1514326.824,1806985.039,15903.46667,53,19.77,19.77,23.19,1.98,0.03
24510,1644880.387,1977469.45,28211.66667,87,20.96,20.96,28.99,5.19,0.15
42105,1485798.53,2224296.623,49881.13333,68,13.48,13.48,27.00,1.64,0.06
13173,1227378.725,968358.8725,148159.8667,89,21.01,21.01,28.51,0.65,0.01
13169,1151573.414,1181611.119,212402.4,62,11.69,11.69,24.82,1.47,0.14
36109,1584749.021,2324857.448,1000141.133,52,15.81,15.81,16.21,1.78,0.03
36053,1638111.937,2388843.96,31610.13333,67,10.93,10.93,24.83,1.85,0.01
37007,1432790.709,1443984.99,43482.66667,66,20.93,20.93,28.37,1.69,0.03
37195,1611858.913,1559545.423,13030.26667,71,19.19,19.19,25.69,1.70,0.02
54077,1385413.786,1946823.68,33917.33333,62,16.44,16.44,28.66,2.40,0.25
51089,1420848.109,1636040.467,289636.8,65,14.69,14.69,30.15,1.86,0.09
51099,1622210.598,1854839.183,515488.6667,74,6.79,6.79,21.59,2.95,0.13
42047,1431155.363,2177641.106,231466,64,8.88,8.88,27.59,1.74,0.12
42053,1381551.31,2178527.873,34299.8,74,17.63,17.63,30.00,2.32,0.12
13247,1099839.163,1245707.827,9227.533333,62,11.69,11.69,22.44,3.78,0.14
42079,1653351.821,2193500.035,50732.13333,65,12.33,12.33,28.85,2.43,0.08
36005,1834509.187,2196946.254,297794.2,45,27.97,27.97,23.25,11.64,0.04
42113,1604588.651,2214031.262,281457.8,63,12.98,12.98,26.99,1.61,0.09
42021,1444689.53,2074193.143,415170.6,57,13.27,13.27,26.95,3.10,0.26
45037,1285877.942,1284646.665,2100227.933,58,18.08,18.08,26.04,1.29,0.02
42037,1622394.822,2172315.89,73048.86667,56,12.45,12.45,25.78,2.70,0.12
51003,1508276.716,1804173.952,80705.13333,53,7.73,7.73,16.53,1.75,0.03
37151,1445280.416,1529734.553,161239.5333,71,13.18,13.18,28.75,2.30,0.06
36021,1816659.884,2353655.649,148900.7333,64,10.28,10.28,23.51,2.06,0.01
34023,1800141.087,2141559.363,940669.8,53,7.13,7.13,18.71,6.87,0.05
13175,1218893.132,1127443.529,351125.4667,70,20.53,20.53,25.95,0.85,0.03
13133,1179492.3,1247682.041,1139302.867,60,20.29,20.29,25.23,1.34,0.10
13017,1201807.39,1045952.93,862379.0667,96,23.05,23.05,28.69,0.65,0.01
13277,1177578.936,1008758.602,492269.2,70,21.71,21.71,26.18,0.71,0.01
13065,1262954.262,959490.1139,79146.93333,104,23.44,23.44,29.10,0.60,0.01
51570,1623811.322,1739869.115,168152.1333,72,7.57,7.57,28.40,2.80,0.08
37081,1439791.529,1570775.945,228333,61,14.43,14.43,23.27,2.71,0.09
51640,1330087.373,1619263.778,164751.4,79,19.75,19.75,31.58,1.33,0.04
51670,1631867.742,1744490.814,362448.8,101,16.51,16.51,32.39,3.25,0.08
13023,1181765.025,1119115.174,36593.13333,85,17.57,17.57,27.90,0.88,0.04
13029,1363361.497,1097965.828,20045.06667,92,10.56,10.56,23.75,0.95,0.01
13109,1319776.971,1107445.306,70794,75,23.98,23.98,28.53,0.83,0.01
13171,1097548.858,1180372.835,29059.8,80,16.29,16.29,28.17,1.68,0.13
13195,1167461.434,1307970.612,46038.6,85,14.76,14.76,27.47,1.34,0.04
51720,1176211.402,1625932.365,22256.53333,87,19.53,19.53,31.21,2.21,0.06
51830,1683120.473,1752365.459,16508.66667,48,18.91,18.91,17.67,2.52,0.07
36043,1681804.141,2456217.556,8362.866667,60,13.16,13.16,25.12,1.20,0.01
36007,1643936.98,2304050.692,9786,58,14.11,14.11,23.95,1.69,0.02
51750,1353126.639,1674729.088,9165.466667,78,23.04,23.04,22.77,1.92,0.03
54047,1253566.396,1687978.492,41740.86667,106,34.47,34.47,34.96,1.17,0.04
54033,1329015.139,1916161.457,20466.66667,84,17.37,17.37,28.00,2.95,0.21
54007,1310840.99,1846926.185,61820.8,78,21.61,21.61,30.93,1.65,0.10
13021,1142177.553,1155786.935,17246.6,75,21.44,21.44,25.35,1.34,0.10
51550,1731568.728,1694759.535,36191.46667,72,8.19,8.19,21.59,2.39,0.04
36049,1634724.239,2487703.529,135466.8,61,13.64,13.64,26.77,1.52,0.01
37029,1746713.975,1664623.636,12670,66,9.47,9.47,23.39,1.66,0.02
42007,1305889.304,2071193.128,16791.53333,65,10.99,10.99,27.33,5.27,0.31
13009,1179525.219,1190286.64,17076.93333,68,20.95,20.95,26.47,1.32,0.12
42025,1682297.897,2170140.233,31166.8,68,10.06,10.06,29.45,3.41,0.07
13177,1115419.382,1036903.959,58621.73333,77,9.93,9.93,24.68,0.88,0.01
24011,1720531.915,1943797.185,22351.4,80,11.59,11.59,25.52,4.19,0.08
13083,949876.9767,1363028.669,42539.53333,90,14.03,14.03,26.56,2.03,0.10
13131,1119076.387,935895.365,20207,77,22.20,22.20,27.09,0.65,0.01
54089,1317582.555,1729447.166,96257.13333,70,24.83,24.83,30.33,1.38,0.04
13143,989780.5921,1248202.62,53692.4,89,17.00,17.00,30.25,1.59,0.20
13227,1048750.481,1330599.247,41133.53333,74,11.53,11.53,26.41,1.53,0.12
42109,1574275.135,2130545.407,218855.6667,52,10.56,10.56,25.57,3.13,0.14
51690,1421799.935,1636136.484,15079.33333,80,20.13,20.13,28.96,1.85,0.09
36017,1652705.228,2344047.232,40234.53333,63,14.20,14.20,26.09,1.44,0.02
13275,1149153.54,938437.0275,176182.4667,78,20.18,20.18,25.81,0.67,0.01
37041,1717104.377,1631166.367,97149.66667,69,18.55,18.55,26.01,1.30,0.02
37169,1394188.124,1599626.409,33005.73333,77,11.91,11.91,30.93,1.99,0.09
54069,1294167.135,2002786.432,222646.0667,76,15.28,15.28,28.37,4.55,0.41
51775,1393922.749,1700093.235,83260.33333,71,8.75,8.75,26.53,2.21,0.03
51630,1593702.528,1852059.96,576673.6,69,14.90,14.90,24.49,2.72,0.11
13097,1031382.337,1242709.45,40694.66667,73,10.76,10.76,24.77,2.91,0.21
37069,1571748.504,1594889.666,49723.73333,72,14.10,14.10,26.08,1.71,0.04
13139,1109248.869,1321624.535,97824.33333,62,13.34,13.34,24.87,1.56,0.05
37149,1242895.468,1448685.554,25681.73333,53,12.36,12.36,23.83,1.76,0.06
13243,1058282.459,1027981.069,99048.13333,69,27.06,27.06,27.09,0.72,0.01
13283,1252655.898,1125410.716,13920.86667,86,26.59,26.59,29.05,0.70,0.02
37109,1323677.525,1484314.988,21763.93333,66,11.67,11.67,26.35,2.46,0.12
36035,1731906.788,2432891.232,16007.66667,65,14.28,14.28,27.59,1.35,0.01
36097,1553949.123,2311832.582,21116.93333,67,12.37,12.37,25.81,1.77,0.04
37077,1535005.921,1613210.202,110868.8,76,13.83,13.83,27.15,1.76,0.08
51730,1625527.449,1733268.28,592231.6667,97,20.62,20.62,29.53,2.50,0.07
13101,1248348.27,934440.3294,19471.6,73,23.71,23.71,28.59,0.67,0.01
42009,1473184.117,2023798.399,24519.86667,52,11.93,11.93,26.83,2.84,0.16
13189,1243553.429,1245820.702,94242.8,94,19.45,19.45,28.29,1.41,0.05
13081,1148323.713,1057203.733,102680.6667,78,27.51,27.51,27.83,0.81,0.01
51710,1730261.754,1719321.773,10440.6,78,19.39,19.39,25.39,2.62,0.05
51065,1535867.509,1788758.043,8208,55,6.97,6.97,23.19,1.84,0.04
37001,1474728.089,1572762.401,43231.4,69,13.50,13.50,27.00,2.30,0.08
13179,1361780.107,1076726.915,20499.2,76,17.19,17.19,25.43,0.89,0.01
13239,1032302.684,1036603.891,11987.46667,93,23.99,23.99,28.83,0.76,0.02
51137,1549999.877,1837565.678,31082.8,68,9.05,9.05,25.83,2.20,0.06
54017,1301653.502,1910050.185,100027.1333,76,19.32,19.32,31.53,3.16,0.22
13201,1068274.984,962213.1331,93727,78,21.99,21.99,26.77,0.66,0.01
34011,1768774.33,2011919.092,129503.1333,70,15.23,15.23,28.11,3.49,0.05
13135,1095759.988,1279796.436,125273.8,53,9.27,9.27,19.23,3.24,0.10
42019,1337590.339,2102567.407,752647,59,8.33,8.33,23.40,4.38,0.29
36091,1776076.011,2442465.765,23552,63,6.59,6.59,21.13,2.02,0.00
37107,1646302.997,1513043.27,11427.86667,73,20.23,20.23,27.35,1.49,0.01
13215,1037083.188,1109400.014,70331.2,74,17.92,17.92,24.95,0.97,0.04
42077,1699112.311,2138770.953,47560.06667,56,10.37,10.37,24.29,4.45,0.07
13089,1079948.559,1256389.654,22970.2,52,15.01,15.01,18.88,4.49,0.14
51183,1642946.115,1704445.424,87333.26667,84,19.41,19.41,27.91,1.91,0.06
51840,1517023.255,1936981.425,635948,78,13.45,13.45,27.11,2.99,0.08
37093,1509167.122,1462165.108,52512.2,82,17.87,17.87,27.17,1.60,0.02
42083,1429885.045,2220922.964,144707.6667,73,14.33,14.33,28.53,1.47,0.07
45061,1434148.183,1352336.958,11718,81,26.19,26.19,29.29,1.34,0.04
45051,1552375.47,1345424.088,27181,70,15.16,15.16,29.99,1.07,0.03
37031,1742993.493,1485548.212,27958.06667,75,12.75,12.75,26.84,0.82,0.01
45005,1354654.169,1206555.333,22554.8,72,35.26,35.26,27.75,0.95,0.02
37039,1075668.387,1409410.991,24452.2,69,17.09,17.09,27.97,0.96,0.05
36027,1820406.179,2298754.25,164858.1333,60,8.10,8.10,21.64,2.40,0.02
13223,1019493.25,1265907.639,112931.2,74,7.59,7.59,25.84,2.62,0.22
13117,1082914.224,1307948.074,13700.53333,52,5.60,5.60,18.55,1.84,0.09
42131,1643088.775,2230410.228,12943.73333,64,10.86,10.86,26.07,2.19,0.06
54075,1378205.378,1816237.449,14455.73333,74,17.68,17.68,28.21,0.93,0.04
13053,1047514.925,1092319.577,15819,88,18.64,18.64,20.63,0.79,0.03
54019,1291852.933,1767655.85,8504.4,95,21.61,21.61,31.49,1.63,0.07
54101,1339894.375,1828331.821,11438.06667,89,27.11,27.11,31.51,1.12,0.06
37185,1580830.177,1632431.425,25494.86667,61,22.88,22.88,27.21,1.62,0.05
13191,1375560.829,1041347.409,15900.26667,69,19.59,19.59,27.81,0.72,0.01
13311,1111168.399,1358919.711,43948.73333,61,13.81,13.81,24.91,1.22,0.04
51153,1585461.893,1896563.543,31537.53333,62,5.58,5.58,20.53,3.24,0.11
37085,1534801.605,1506770.297,56072.53333,76,16.22,16.22,27.13,1.68,0.02
45067,1516215.834,1357000.88,8408.866667,79,24.65,24.65,28.66,1.22,0.03
36123,1530166.579,2334378.468,22969.33333,64,14.02,14.02,24.79,1.72,0.04
13267,1305712.571,1092823.631,90508.2,92,25.60,25.60,28.50,0.75,0.01
13321,1145798.959,1015128.398,25954.06667,71,19.61,19.61,27.99,0.80,0.01
45035,1440375.919,1230614.934,20035,64,11.23,11.23,24.41,1.24,0.04
36069,1509820.646,2355302.693,13045.8,64,8.85,8.85,21.54,1.93,0.04
13057,1050761.13,1306115.374,15791.46667,61,6.90,6.90,22.27,2.47,0.15
13161,1255596.036,1058523.507,24549.26667,99,20.23,20.23,27.54,0.67,0.01
13069,1239676.066,1027479.846,9962.4,74,22.31,22.31,27.85,0.64,0.01
36073,1427249.188,2384624.13,20238.46667,69,12.96,12.96,28.18,3.33,0.04
36101,1515917.072,2289805.219,8473.733333,73,14.04,14.04,25.55,1.43,0.04
34021,1780222.646,2119053.231,23288.66667,54,9.12,9.12,19.91,5.28,0.06
13255,1081737.822,1199158.137,22457.06667,78,18.62,18.62,28.10,1.94,0.15
54051,1294707.942,1976028.343,9741.8,74,15.62,15.62,30.71,4.18,0.39
54029,1290225.113,2050386.631,19441.8,77,12.44,12.44,30.70,4.89,0.33
42133,1621663.153,2043017.974,58718.93333,59,8.05,8.05,24.27,3.75,0.13
37115,1186006.548,1505916.697,170627.2,64,16.97,16.97,27.21,1.26,0.05
37133,1676336.57,1460888.579,78574.73333,80,15.22,15.22,26.54,0.99,0.01
54013,1274478.73,1857390.209,27394.93333,87,22.74,22.74,32.95,2.14,0.18
51125,1484760.238,1773042.453,22125.26667,70,11.76,11.76,24.68,1.61,0.03
51680,1466332.778,1725627.038,106366.2667,73,18.91,18.91,25.04,1.82,0.04
13281,1108099.219,1389069.294,16828.46667,61,13.90,13.90,24.79,0.83,0.03
13225,1133468.486,1127832.389,19065.33333,90,21.42,21.42,25.57,1.13,0.06
51063,1373699.002,1656374.609,36081.8,49,12.24,12.24,26.48,1.36,0.05
36029,1397300.328,2323592.893,17925.4,67,13.28,13.28,24.31,2.89,0.06
13151,1091082.441,1221936.754,4120.6,68,7.79,7.79,22.53,2.97,0.16
51520,1222120.615,1597141.253,33274.73333,94,18.80,18.80,28.81,2.10,0.05
54065,1501884.099,1978349.929,181188.9333,80,12.14,12.14,29.80,3.23,0.10
51103,1693664.731,1807551.068,69288.2,66,13.46,13.46,23.46,1.77,0.06
36121,1439265.332,2324433.93,5871.866667,60,10.36,10.36,27.29,1.90,0.05
42081,1561950.648,2193635.395,14142.8,61,12.75,12.75,26.19,2.32,0.10
51017,1406203.336,1789944.572,15515.2,69,9.01,9.01,27.05,1.36,0.03
51131,1752689.964,1775435.961,56927.53333,94,19.73,19.73,25.65,2.28,0.04
37057,1407800.143,1532761.676,22943.8,73,13.05,13.05,28.97,2.69,0.08
37155,1528493.411,1422787.013,9316.2,78,27.67,27.67,31.03,1.49,0.02
42097,1602057.96,2145493.006,29338.33333,63,12.42,12.42,28.09,2.72,0.15
42121,1341070.721,2158752.11,6161.066667,72,14.47,14.47,29.29,3.26,0.15
51197,1311583.651,1644628.34,9192,72,13.61,13.61,29.03,1.19,0.03
54045,1221701.597,1734554.266,14326.06667,120,22.09,22.09,33.81,2.01,0.09
13213,1018911.294,1363530.392,42995,97,15.28,15.28,31.05,1.83,0.10
37013,1709880.255,1554745.801,37558.53333,77,18.39,18.39,25.45,1.27,0.01
37113,1132960.345,1418734.132,24320.53333,58,14.99,14.99,26.43,0.74,0.03
36009,1412014.758,2267732.697,9627.266667,64,14.83,14.83,27.32,1.83,0.06
36055,1471985.02,2381307.728,13695.8,58,13.01,13.01,21.50,3.02,0.04
34015,1757950.477,2048967.108,56543.8,74,6.80,6.80,24.17,5.46,0.05
13037,1073561.977,1003649.305,9323,81,30.94,30.94,26.66,0.75,0.01
54039,1248201.79,1795739.978,10641.13333,87,14.71,14.71,28.16,2.84,0.17
11001,1620145.774,1926595.621,20997.26667,62,17.80,17.80,22.08,5.45,0.15
45085,1427140.308,1323124.199,64509.8,68,17.94,17.94,26.52,1.37,0.05
51043,1533134.273,1933160.16,70085.06667,68,7.10,7.10,23.07,3.05,0.08
54021,1295165.507,1869902.771,31737.66667,71,23.97,23.97,29.19,2.06,0.15
34033,1743771.149,2031005.452,8023.333333,73,9.77,9.77,25.07,4.57,0.06
13193,1116496.715,1102091.278,21700.46667,73,27.01,27.01,28.45,1.01,0.04
13263,1066361.408,1134167.661,25288.2,84,20.86,20.86,26.70,0.92,0.06
13093,1142014.884,1082724.612,3074.666667,54,25.50,25.50,28.05,0.86,0.02
51133,1693700.158,1825328.974,8564.866667,63,12.88,12.88,24.09,1.92,0.07
37105,1505940.861,1513658.565,32453.53333,73,14.40,14.40,26.29,1.71,0.03
45027,1446754.817,1298002.946,83760,71,24.02,24.02,26.77,1.27,0.05
37127,1600385.578,1587248.999,9172.666667,70,15.25,15.25,25.60,1.64,0.02
51620,1676303.202,1683927.061,10500.26667,73,18.78,18.78,26.35,1.79,0.05
51049,1545565.804,1752895.876,11469.33333,67,15.27,15.27,27.97,1.77,0.05
51037,1519860.206,1691095.398,180001.7333,77,16.97,16.97,27.10,1.74,0.06
51115,1710730.906,1777230.966,128690.7333,60,8.99,8.99,24.13,1.88,0.05
51119,1686849.317,1794380.822,550427.2667,75,12.44,12.44,24.02,2.02,0.07
51015,1456078.917,1810843.496,694035.2667,63,8.23,8.23,25.95,1.49,0.03
54003,1523121.264,1971372.329,77609.13333,85,11.32,11.32,29.97,3.41,0.09
37163,1586724.023,1473472.829,47195.8,71,19.37,19.37,27.38,1.36,0.02
51117,1552612.154,1659453.181,152786.8,74,16.15,16.15,28.27,1.68,0.07
37035,1321432.026,1503977.361,99172.66667,69,12.14,12.14,25.78,2.25,0.11
13049,1318756.006,952508.0788,124041.4,83,23.03,23.03,30.75,0.75,0.02
37191,1611551.667,1520555.882,52680.86667,76,17.39,17.39,26.90,1.74,0.01
36023,1613685.107,2347274.963,196173.5333,65,14.45,14.45,24.92,1.69,0.02
37059,1376002.495,1542989.916,54710.6,60,10.05,10.05,25.97,2.33,0.09
13291,1086530.75,1376942.086,237471.8667,62,14.79,14.79,25.21,0.90,0.04
36037,1435433.15,2357644.153,239272,67,10.15,10.15,25.44,2.56,0.05
51159,1666241.838,1825977.972,131131.6,68,17.27,17.27,28.79,2.18,0.08
13115,983511.4296,1300252.571,915623.8,81,17.04,17.04,26.83,2.23,0.19
45009,1378521.094,1235921.641,739643.0667,65,25.44,25.44,25.50,1.10,0.03
42023,1467229.207,2185659.851,50639.13333,63,11.69,11.69,28.05,1.74,0.09
24009,1666038.768,1894678.827,88262.26667,68,5.46,5.46,22.89,2.89,0.13
51127,1652922.898,1773161.116,26929.86667,80,5.63,5.63,24.48,2.58,0.08
13055,968986.5888,1322457.969,48959.86667,87,17.49,17.49,30.51,1.93,0.16
13241,1138683.737,1389143.35,134315.2667,68,14.74,14.74,24.92,0.80,0.03
42117,1537131.813,2237598.109,86939.73333,60,13.81,13.81,25.39,1.61,0.05
45021,1295852.481,1430438.159,131781.7333,79,17.10,17.10,30.27,1.97,0.07
51149,1640404.662,1734227.045,70241.66667,67,8.91,8.91,24.89,2.59,0.07
45089,1492001.499,1300584.526,349438.9333,73,28.45,28.45,26.09,1.21,0.05
45003,1319815.773,1263983.766,832989.0667,68,15.08,15.08,25.49,1.27,0.03
13145,1031170.742,1134100.571,452425.5333,60,9.39,9.39,21.38,0.95,0.06
42049,1307535.891,2220156.836,456636.9333,69,14.03,14.03,27.23,2.54,0.08
36067,1594290.542,2390104.004,105413.8,66,12.77,12.77,23.46,2.22,0.02
37131,1642325.495,1646805.024,237095.2,64,23.25,23.25,27.13,1.46,0.03
51036,1650666.498,1755747.35,715744.8,73,10.53,10.53,27.40,2.87,0.08
51067,1414401.142,1670082.516,320025.4667,55,11.75,11.75,26.65,1.82,0.06
34019,1755884.159,2146097.44,556053.5333,46,3.41,3.41,16.98,5.00,0.06
13159,1135652.349,1212270.721,156266.2667,68,15.75,15.75,26.81,1.73,0.17
37173,1121743.842,1455205.271,411916.8,75,17.31,17.31,30.68,0.78,0.04
37187,1727246.941,1596012.316,765117.8667,69,22.26,22.26,27.06,1.52,0.01
13015,1017773.77,1301385.213,604954.2,86,12.50,12.50,27.63,2.54,0.20
51071,1337018.762,1693779.243,487712.4667,83,11.37,11.37,27.88,1.87,0.03
51740,1723227.177,1712308.886,546989.6667,81,16.81,16.81,26.15,2.57,0.05
24005,1639584.197,1994032.373,438663.5333,63,7.75,7.75,22.46,4.44,0.14
24015,1694933.488,2018400.3,95311.6,79,8.46,8.46,26.07,4.76,0.09
37079,1637921.407,1539543.085,291478,68,20.49,20.49,26.16,1.62,0.01
24019,1713827.547,1896169.761,198068,77,14.64,14.64,26.37,3.37,0.07
37111,1247170.21,1494736.273,101753.0667,70,14.94,14.94,29.23,1.66,0.06
13163,1256171.786,1199257.299,268506.1333,77,23.84,23.84,27.06,1.08,0.04
13289,1169114.232,1143614.233,217431.2667,73,19.92,19.92,28.86,1.08,0.07
51107,1563959.503,1936625.552,1210431.933,50,3.26,3.26,14.91,3.70,0.10
37139,1742060.758,1653103.173,185095.6667,74,18.09,18.09,26.09,1.48,0.02
37005,1314686.836,1596855.37,81767.6,63,17.64,17.64,28.09,1.29,0.04
54009,1294492.84,2022929.839,88725.86667,76,12.45,12.45,30.59,4.15,0.39
37067,1397694.609,1569407.773,130320,67,14.15,14.15,25.45,2.74,0.09
45063,1346738.572,1308601.146,84386.4,66,11.13,11.13,24.79,1.40,0.03
10001,1737530.538,1972072.594,54850.2,74,11.93,11.93,26.07,3.42,0.07
24027,1619605.459,1966057.211,79237.06667,42,4.45,4.45,13.88,4.79,0.14
24029,1694052.145,1981950.218,61248.73333,65,11.78,11.78,22.96,4.58,0.10
24031,1599218.37,1948856.135,49129.53333,44,5.82,5.82,13.51,4.83,0.13
37091,1679783.717,1647579.887,78366.06667,70,23.35,23.35,26.52,1.44,0.03
36003,1464342.964,2278548.815,381108.4667,67,16.51,16.51,24.69,1.31,0.04
37061,1626897.935,1474774.311,811725.0667,65,20.34,20.34,27.73,1.20,0.02
13121,1057680.928,1255772.741,40757.93333,58,16.11,16.11,18.89,3.75,0.17
54001,1363554.584,1904822.789,51894.53333,72,20.64,20.64,29.07,2.04,0.17
51111,1557688.929,1690682.635,55980.06667,68,19.69,19.69,29.47,1.63,0.06
51169,1181659.323,1602179.406,58469.26667,84,16.82,16.82,29.69,2.51,0.06
24037,1668389.554,1867466.358,43059.06667,70,7.69,7.69,22.07,2.42,0.10
45077,1199434.591,1398170.842,12993.2,64,14.14,14.14,24.59,1.53,0.03
45087,1301978.779,1390787.374,70723,79,16.78,16.78,30.09,1.34,0.04
45083,1264596.645,1412493.179,423443.4,73,14.05,14.05,26.69,1.84,0.05
45013,1422969.875,1149284.841,2153528.133,50,11.61,11.61,21.57,0.91,0.02
45053,1394211.904,1150416.926,31888.53333,60,23.19,23.19,27.96,0.96,0.02
37051,1545014.124,1472239.09,65789.66667,76,16.40,16.40,25.54,1.66,0.02
10003,1719077.989,2024828.341,160072.8667,66,9.39,9.39,23.24,4.95,0.07
13077,1036448.997,1204099.492,649649.2667,66,9.92,9.92,23.63,1.95,0.16
13233,989224.3021,1271527.442,220001.8,100,17.15,17.15,29.36,1.95,0.21
24003,1652614.186,1944776.741,1362091.333,68,5.71,5.71,21.74,4.57,0.14
37087,1166148.013,1468980.246,1396688.333,61,14.20,14.20,28.47,1.02,0.04
54087,1257108.312,1839934.89,219390.8,82,21.41,21.41,33.21,2.58,0.22
37197,1361162.478,1566766.534,264410.4,69,12.87,12.87,29.06,2.09,0.08
10005,1762733.34,1928788.66,414183.3333,69,11.63,11.63,27.42,3.60,0.06
37089,1214308.512,1450981.49,135376.2667,56,12.15,12.15,24.27,1.54,0.05
13157,1134916.515,1304291.6,321133.1333,83,13.32,13.32,26.22,1.74,0.06
37161,1263152.818,1465512.044,53858,69,16.99,16.99,28.61,1.90,0.08
51141,1385083.588,1629473.103,114266.4667,65,15.13,15.13,29.87,1.78,0.07
42067,1552118.755,2098795.276,66615.2,51,9.49,9.49,26.25,3.06,0.11
42071,1658497.002,2064716.084,378048.7333,52,8.76,8.76,23.23,4.39,0.11
45019,1486274.334,1210584.557,1941376.733,62,15.85,15.85,23.37,1.02,0.03
37193,1316547.473,1564807.212,193568.4,68,16.15,16.15,28.67,1.57,0.06
13141,1199327.046,1215604.883,436191.7333,72,28.94,28.94,27.47,1.35,0.10
13011,1137907.672,1329501.639,276626.1333,60,14.31,14.31,27.90,1.44,0.04
37177,1759744.963,1602276.313,123215.8667,70,26.16,26.16,29.27,1.40,0.01
42085,1302019.114,2140915.863,204671.8,62,13.00,13.00,27.64,3.38,0.15
42087,1532755.461,2104065.458,135047.9333,63,13.76,13.76,28.11,2.89,0.10
42027,1509494.377,2134790.064,30596.46667,49,14.49,14.49,18.35,2.78,0.12
42029,1701412.133,2065940.824,20732.06667,54,5.72,5.72,18.23,5.07,0.08
45033,1508707.785,1391005.584,43553.4,94,25.07,25.07,30.48,1.33,0.02
42031,1372665.672,2140579.475,272234,58,14.40,14.40,25.10,3.21,0.21
45039,1351833.839,1365215.886,1287178.4,76,19.31,19.31,27.66,1.28,0.03
13013,1123623.574,1286900.033,73166.86667,82,11.34,11.34,27.31,2.22,0.08
51147,1534615.893,1718046.143,57438.6,70,20.80,20.80,25.88,1.95,0.05
42093,1602149.321,2165666.682,110011.2,54,9.88,9.88,27.03,3.08,0.14
42095,1718996.522,2159377.207,165709.8,58,8.12,8.12,24.10,4.22,0.07
37175,1187967.651,1432054.99,64407.13333,50,13.48,13.48,24.61,1.13,0.03
51077,1303279.472,1613812.512,66573.33333,74,15.95,15.95,29.81,1.11,0.04
24033,1636048.467,1921250.675,819853.5333,44,8.40,8.40,19.89,5.00,0.15
34007,1770779.48,2061835.737,40172.2,67,11.21,11.21,24.21,6.07,0.05
37199,1220636.087,1515441.143,38737.73333,59,17.25,17.25,27.62,1.15,0.05
13245,1282819.849,1237590.181,128012.1333,83,21.76,21.76,26.13,1.51,0.03
13265,1205964.13,1249909.645,32518.13333,68,26.33,26.33,29.10,1.23,0.07
13279,1279101,1097466.725,12832.93333,96,24.20,24.20,26.50,0.73,0.01
36013,1356925.681,2255464.747,24834.53333,60,16.20,16.20,26.81,2.72,0.08
37171,1354669.092,1594547.909,21421.46667,77,15.75,15.75,29.58,1.80,0.07
42043,1606103.319,2096485.218,42885.4,61,10.52,10.52,23.41,3.31,0.13
51011,1499577.028,1728467.534,21970.46667,65,12.93,12.93,27.30,1.87,0.04
37009,1282966.394,1585422.594,107839.1333,60,16.17,16.17,27.18,1.27,0.04
51033,1611502.058,1824508.555,207334,80,10.58,10.58,26.24,2.70,0.10
36047,1833913.467,2172024.905,94728.66667,42,22.83,22.83,21.98,9.60,0.04
51173,1272812.077,1630310.37,147788.5333,88,15.79,15.79,29.80,1.04,0.03
45059,1270662.378,1362776.656,70851.93333,75,17.33,17.33,28.74,1.29,0.03
51101,1640681.282,1793703.591,38999.8,77,7.09,7.09,25.39,2.65,0.09
45075,1397734.609,1264367.994,136316.7333,63,22.83,22.83,25.24,1.34,0.05
51059,1599741.123,1914646.415,53905,41,5.21,5.21,15.58,4.20,0.13
37023,1276514.134,1506834.895,24701.8,71,15.09,15.09,29.37,1.64,0.08
51177,1581708.461,1836635.824,13883.73333,69,6.29,6.29,22.99,2.36,0.08
24041,1700070.455,1927775.068,21265.8,52,8.58,8.58,21.46,3.83,0.09
42057,1506294.912,2020785.076,91604.33333,61,10.59,10.59,26.63,3.01,0.11
37159,1382960.571,1511317.321,60696,72,14.23,14.23,27.73,2.42,0.09
37117,1680413.528,1588520.683,124654.7333,79,20.81,20.81,25.65,1.59,0.01
13293,1085492.191,1156919.191,271680.6667,73,18.34,18.34,29.43,1.13,0.09
13313,998958.9498,1363198.725,22854.73333,79,14.55,14.55,27.76,2.33,0.11
51179,1593460.956,1865910.319,47936.73333,68,4.83,4.83,20.14,2.85,0.11
37027,1287060,1531518.525,140560.6,80,14.57,14.57,29.48,1.60,0.07
42119,1570613.582,2151895.609,40120.26667,43,11.78,11.78,24.95,2.87,0.14
36083,1814336.67,2406093.9,76416,74,10.66,10.66,23.66,2.27,0.01
37045,1296774.667,1462918.922,224445.4,72,17.00,17.00,27.89,2.03,0.10
24045,1750040.409,1892975.815,88879.4,81,13.31,13.31,24.70,3.47,0.06
37119,1362697.348,1463374.166,294133.5333,56,12.08,12.08,19.47,3.15,0.09
13297,1124773.134,1263220.213,73166.93333,68,11.93,11.93,26.29,2.14,0.11
42123,1372531.962,2211179.994,173323.8667,62,11.65,11.65,27.86,2.49,0.09
34039,1803087.26,2167525.559,10971.93333,50,9.12,9.12,20.50,9.23,0.05
13307,1073563.458,1061689.581,13610.2,66,19.31,19.31,26.80,0.72,0.02
13309,1242618.537,1091702.72,50273.13333,67,31.73,31.73,28.05,0.75,0.01
42003,1340289.628,2052713.595,72842.26667,67,11.39,11.39,25.30,5.40,0.41
42129,1385974.15,2042662.979,406453.5333,60,9.59,9.59,25.29,3.95,0.39
13085,1075715.83,1331660.446,59936.66667,74,10.51,10.51,25.73,1.25,0.08
13063,1071151.413,1229322.893,97897.33333,69,16.13,16.13,24.11,3.69,0.16
37141,1638010.356,1430021.552,61247.06667,69,15.14,15.14,27.39,0.90,0.02
37129,1646097.352,1398296.877,89396.8,66,14.07,14.07,24.51,0.95,0.02
24039,1744615.768,1862073.288,25026.8,87,21.86,21.86,27.29,2.34,0.05
13167,1239454.726,1157124.13,36708.06667,68,26.93,26.93,28.34,0.85,0.04
36117,1524638.913,2392871.668,20699.8,64,10.37,10.37,25.35,2.42,0.03
34005,1793128.135,2075366.679,130147.2667,60,5.54,5.54,21.64,4.76,0.05
37053,1763878.691,1670135.135,47846.06667,85,10.45,10.45,26.93,1.61,0.02
45091,1336110.314,1428342.555,131582.2,71,11.68,11.68,25.61,1.96,0.07
45065,1252619.994,1294113.473,15260.4,57,18.90,18.90,26.21,1.15,0.03
45081,1303698.653,1313763.029,54280.6,57,16.91,16.91,26.87,1.08,0.02
37123,1443588.974,1486516.397,59704.2,63,18.67,18.67,27.22,1.74,0.04
36039,1776833.617,2347254.627,67981.06667,75,13.50,13.50,26.41,2.17,0.01
45073,1170904.671,1378993.2,41930.46667,61,13.52,13.52,25.98,1.13,0.02
34041,1741874.528,2176288.673,30649.66667,61,6.25,6.25,22.55,4.04,0.06
42005,1376413.78,2098078.46,21013,61,12.15,12.15,27.59,4.12,0.35
42035,1517690.196,2172273.438,110883,69,13.89,13.89,26.25,2.29,0.09
13095,1111782.166,1008830.392,722469.6,76,25.54,25.54,24.98,0.89,0.01
36115,1804774.034,2472917.923,17108.06667,71,11.82,11.82,26.27,1.56,0.00
13269,1094442.998,1121507.842,33450.06667,72,24.25,24.25,28.86,0.96,0.05
13067,1045720.264,1271398.865,83343.46667,56,9.79,9.79,18.77,3.91,0.19
54037,1540247.38,1956911.497,100931.2667,79,9.61,9.61,25.59,3.58,0.09
51035,1344969.201,1628917.501,164929.4,66,15.07,15.07,29.31,1.39,0.05
13251,1335318.349,1176789.814,39131.53333,81,21.19,21.19,26.57,0.74,0.02
36033,1703903.787,2595627.355,157297.6667,70,16.21,16.21,27.17,0.79,0.00
36051,1474589.851,2334175.807,110458.8,67,11.57,11.57,23.93,1.78,0.04
54099,1174285.609,1763155.466,15942.66667,87,18.99,18.99,31.59,2.32,0.16
51027,1222296.597,1670564.647,38446.8,77,22.91,22.91,31.51,1.39,0.05
45031,1457757.858,1375458.332,42560.2,80,20.59,20.59,27.84,1.51,0.03
45079,1378047.721,1327144.98,15500.53333,65,14.47,14.47,21.81,1.59,0.04
51061,1556868.479,1895059.369,50499.6,64,5.87,5.87,21.63,2.57,0.09
54057,1447341.374,1951614.004,135315.5333,73,14.74,14.74,27.72,2.67,0.14
54059,1206178.921,1720396.176,34048.4,117,24.92,24.92,33.39,2.02,0.07
54109,1258731,1714945.02,125213.3333,96,22.81,22.81,33.22,1.48,0.05
24047,1778263.316,1880783.857,64769.06667,68,10.22,10.22,23.67,2.64,0.04
45069,1477747.456,1409462.874,58600.33333,111,25.05,25.05,31.22,1.44,0.02
51075,1569406.987,1781445.46,38960.46667,60,7.01,7.01,22.20,2.08,0.06
51135,1569996.505,1715378.669,57417.8,79,18.91,18.91,30.19,1.96,0.06
54031,1462694.697,1908032.105,27750.73333,59,13.51,13.51,29.97,1.94,0.09
37143,1730519.803,1640428.514,19171.33333,61,17.11,17.11,26.19,1.24,0.02
45045,1231184.545,1403328.199,118922.3333,63,12.87,12.87,23.20,1.70,0.04
13087,1086388.993,932261.3744,686177.6667,87,24.13,24.13,26.85,0.63,0.01
13205,1118028.341,975040.5711,19653.8,79,25.48,25.48,28.46,0.75,0.01
13235,1171003.423,1094923.931,17154.86667,66,19.76,19.76,28.53,0.81,0.03
54027,1476981.123,1945927.229,56473.66667,77,15.81,15.81,30.45,2.56,0.10
54055,1300125.813,1698264.065,111201.2,82,20.35,20.35,30.86,1.26,0.03
54063,1345865.977,1723197.083,68808.66667,72,15.93,15.93,28.77,1.55,0.03
54067,1311268.885,1800627.417,72261.8,82,19.15,19.15,29.52,1.29,0.07
54079,1212726.84,1809882.281,34991.93333,73,9.85,9.85,25.23,3.13,0.27
51193,1656055.089,1843192.977,92794.73333,81,14.44,14.44,27.42,2.39,0.11
51005,1388452.804,1756142.049,257264.3333,76,11.43,11.43,26.75,1.58,0.03
34013,1804735.869,2182643.518,1085164.533,55,14.73,14.73,21.47,10.56,0.05
13033,1294398.008,1205638.256,85405.86667,81,25.21,25.21,27.77,1.04,0.03
51001,1763272.516,1826266.62,157686.3333,89,17.81,17.81,26.01,2.13,0.03
13031,1329138.939,1135899.882,92337.06667,67,23.33,23.33,22.45,0.88,0.01
13165,1302225.403,1176479.14,361894.0667,80,26.43,26.43,27.55,0.77,0.02
37101,1576397.465,1531400.34,118772.8,75,13.53,13.53,25.89,2.08,0.02
51105,1135752.782,1594803.167,133039.4,98,23.91,23.91,30.00,1.67,0.06
36103,1916558.965,2219152.491,557334.0667,60,6.49,6.49,21.83,5.67,0.02
51019,1439176.423,1711113.406,177059.8,61,7.98,7.98,25.40,1.93,0.04
51047,1549846.101,1864900.94,127770.7333,69,9.38,9.38,24.65,2.26,0.07
13103,1366794.276,1138324.102,12522.33333,81,10.22,10.22,25.72,0.99,0.01
54083,1381105.214,1867124.342,72329.93333,64,18.01,18.01,28.47,1.14,0.08
51085,1604974.703,1792754.047,184236.4667,69,4.87,4.87,21.92,2.73,0.08
51069,1508841.421,1939047.688,417214.7333,72,7.12,7.12,25.38,2.89,0.08
51195,1175972.341,1630930.847,46242.73333,102,20.78,20.78,30.29,2.12,0.06
24017,1631028.737,1883315.978,76324.86667,70,6.53,6.53,21.62,3.23,0.13
36031,1757119.24,2553752.167,42109.66667,63,12.55,12.55,22.38,1.03,0.00
51145,1573084.275,1762556.11,69055.6,68,5.98,5.98,24.41,2.05,0.07
51760,1611344.221,1767745.306,105796.5333,84,21.63,21.63,24.86,3.31,0.09
36099,1549405.809,2355026.711,229618.4,63,12.32,12.32,26.29,1.98,0.03
13045,1004456.194,1226100.569,299528.8,77,15.37,15.37,26.65,1.81,0.19
51073,1694092.154,1771191.17,66304.4,84,9.07,9.07,25.03,1.88,0.06
13059,1155637.238,1286419.257,262250.5333,61,26.07,26.07,19.09,1.72,0.07
51083,1500908.066,1659731.3,122957.6,71,17.28,17.28,27.89,1.96,0.11
13061,1039034.904,1010413.014,23046.93333,66,30.29,30.29,26.92,0.68,0.01
42125,1323351.94,2018108.583,124290.8667,70,10.11,10.11,26.47,4.35,0.42
45055,1400663.565,1366623.446,18100.93333,79,13.80,13.80,27.03,1.37,0.04
34009,1800201.815,1993222.583,40167,71,9.83,9.83,25.06,2.24,0.04
54081,1281918.487,1736878.053,51706.53333,79,17.97,17.97,30.81,1.51,0.05
13073,1262487.034,1255436.349,83183.2,63,7.14,7.14,20.93,1.55,0.03
13091,1200452.766,1092122.291,42291.73333,81,21.46,21.46,27.89,0.79,0.02
54053,1198413.316,1837359.461,49395.86667,93,18.16,18.16,31.97,3.35,0.33
37075,1093298.55,1436078.013,246910.2667,67,18.91,18.91,29.88,0.88,0.04
42051,1378511.3,1996883.489,446242.2,71,17.74,17.74,28.80,3.29,0.36
51041,1605034.702,1749188.255,96025.2,64,6.05,6.05,21.03,2.79,0.08
51139,1502186.462,1871116.694,152173.9333,66,12.77,12.77,29.88,1.38,0.05
51161,1393012.024,1697984.566,333029.1333,54,6.19,6.19,21.98,2.14,0.04
13099,1049875.392,977774.6751,107958,76,27.16,27.16,26.52,0.65,0.01
51155,1340728.098,1665907.142,54529.13333,74,13.79,13.79,29.42,1.44,0.03
54073,1261607.333,1915191.247,108557.9333,81,13.41,13.41,31.09,3.82,0.31
51171,1489940.523,1896026.698,58077.53333,68,9.49,9.49,26.19,1.61,0.07
37167,1413285.618,1479056.188,237907.4667,70,13.29,13.29,26.78,2.12,0.05
51185,1265973.084,1661117.007,680526.6,85,16.86,16.86,29.04,1.15,0.03
13187,1089047.823,1347799.341,51130.46667,72,14.45,14.45,25.31,1.16,0.05
13147,1186214.801,1335649.717,260883.9333,64,17.23,17.23,26.83,1.25,0.03
54107,1234436.881,1892845.955,87393.26667,77,15.50,15.50,30.10,4.16,0.33
54041,1323938.678,1882650.824,242020.0667,87,18.65,18.65,30.57,2.17,0.14
51175,1660955.711,1685061.662,49001.73333,73,14.97,14.97,26.35,1.65,0.05
13027,1181516.343,940200.0498,44368.26667,76,23.59,23.59,26.68,0.69,0.01
13127,1367612.98,1010378.056,69072,75,16.02,16.02,24.21,0.68,0.02
13153,1150012.808,1117688.327,11261.66667,70,12.15,12.15,24.45,0.94,0.05
13181,1241432.538,1280516.511,41676,76,18.13,18.13,27.75,1.27,0.03
54005,1237814.756,1758586.578,63828.4,117,19.41,19.41,33.33,2.08,0.11
54035,1227296.869,1849010.747,184513.8667,79,15.85,15.85,28.87,3.21,0.31
24023,1417357.194,1959178.546,93507.26667,49,13.27,13.27,22.79,2.22,0.21
13207,1118726.876,1176047.921,74751.06667,62,12.61,12.61,25.11,1.69,0.14
13219,1151027.256,1272737.377,113146.7333,50,7.32,7.32,17.79,1.81,0.09
13221,1182710.86,1282146.612,41106.46667,68,14.15,14.15,26.15,1.30,0.06
13319,1190786.057,1161735.547,31068.8,71,18.15,18.15,26.35,1.04,0.08
54023,1432264.469,1913616.709,157066.1333,51,15.19,15.19,28.71,1.85,0.13
54093,1400892.182,1909096.143,17182.66667,64,16.08,16.08,27.87,1.55,0.15
36059,1859870.436,2189947.365,35441.6,47,5.73,5.73,18.82,13.06,0.03
36075,1588690.728,2436988.083,144864.7333,79,14.71,14.71,28.18,2.19,0.01
13259,1046643.494,1062076.282,142667.8,71,28.12,28.12,27.22,0.79,0.02
37073,1702334.911,1662006.436,54275.13333,71,15.39,15.39,25.74,1.51,0.04
51199,1696239.433,1752034.183,297233.2667,68,4.80,4.80,18.16,2.27,0.06
36079,1828676.407,2261806.233,51531.06667,61,5.00,5.00,19.14,3.03,0.03
51820,1477903.628,1803796.554,34599.86667,63,13.75,13.75,25.95,1.56,0.03
36063,1387460.155,2371359.136,43376.73333,72,12.09,12.09,27.27,3.77,0.05
13007,1093091.067,983304.1776,34450.26667,63,24.61,24.61,26.11,0.76,0.01
24021,1575637.407,1982508.773,42381.26667,55,5.35,5.35,19.73,3.66,0.11
36089,1647135.996,2571722.277,63269.46667,77,16.67,16.67,25.84,0.99,0.00
13271,1225504.006,1068331.624,39645.46667,73,28.99,28.99,28.65,0.65,0.01
13229,1302309.007,1014963.543,25620.4,92,18.45,18.45,28.42,0.65,0.01
45041,1486637.477,1345492.052,37402.26667,77,18.07,18.07,26.13,1.31,0.04
37125,1481683.846,1490671.681,121851.4,61,12.48,12.48,23.59,1.64,0.03
42065,1408466.268,2139659.345,100804.8667,58,13.13,13.13,27.07,2.76,0.21
34027,1778629.855,2185127.613,372926.2,49,4.01,4.01,16.96,6.31,0.05
37019,1617731.315,1374464.226,61892.73333,68,14.13,14.13,29.45,0.79,0.02
37083,1623563.726,1624783.652,43499.2,71,24.41,24.41,27.96,1.66,0.03
13075,1191026.254,976480.7218,210344.5333,81,21.28,21.28,28.88,0.68,0.01
45029,1420276.636,1202878.044,26615.6,81,21.51,21.51,27.52,1.01,0.03
45043,1531529.213,1286308.015,58189.46667,64,17.56,17.56,26.10,1.07,0.04
37033,1473661.73,1612333.892,69144.33333,73,16.92,16.92,29.27,2.21,0.11
37049,1697494.859,1510019.832,61327.86667,72,14.31,14.31,24.64,1.35,0.01
13211,1149571.168,1245032.103,45206.93333,60,13.49,13.49,23.53,1.63,0.13
42101,1751441.689,2080937.922,211368.3333,80,22.82,22.82,29.42,6.89,0.06
36085,1817579.991,2161994.379,13481.93333,58,10.35,10.35,23.71,9.37,0.03
34003,1814401.264,2204752.455,33334.66667,48,5.89,5.89,18.34,9.02,0.04
36011,1567737.518,2374439.526,29653.13333,61,12.30,12.30,27.77,2.13,0.03
37145,1505394.763,1617645.776,40548.06667,74,13.61,13.61,27.37,2.13,0.10
51007,1572483.12,1737932.54,73812.53333,82,10.15,10.15,28.57,1.99,0.06
51660,1472787.865,1845021.532,94304.33333,51,24.03,24.03,20.67,1.56,0.04
54097,1348482.639,1875559.148,142406.2,74,19.86,19.86,28.53,1.73,0.11
36025,1711335.093,2323192.08,312949.2667,57,14.05,14.05,25.22,1.12,0.02
34017,1819905.966,2180131.941,50229.4,53,15.05,15.05,22.01,10.94,0.04
13305,1326934.884,1040349.836,248744.4,83,20.16,20.16,27.85,0.70,0.01
34029,1824854.704,2083480.234,96023.33333,65,8.42,8.42,24.91,3.22,0.04
51181,1670078.514,1731435.217,51878.8,66,11.72,11.72,25.02,2.44,0.07
51191,1237850.245,1611510.929,54491.4,72,12.75,12.75,26.56,1.69,0.04
37043,1104919.49,1404573.347,41037.26667,57,15.26,15.26,26.17,0.78,0.03
36077,1695430.803,2369555.448,82312.33333,59,13.91,13.91,23.35,1.27,0.01
42089,1709056.974,2192003.055,15854.33333,69,9.77,9.77,24.97,2.64,0.06
36041,1712275.97,2490987.62,14706.93333,73,10.17,10.17,22.35,0.89,0.00
37147,1662198.209,1556593.377,29629.26667,63,20.43,20.43,23.14,1.58,0.01
13019,1208146.786,992422.7947,37446.4,88,19.59,19.59,29.07,0.66,0.01
36071,1784395.906,2248556.365,179079.2,64,10.91,10.91,23.11,2.78,0.03
36001,1780443.169,2385249.289,61916.73333,64,11.43,11.43,21.46,2.48,0.01
13303,1222799.465,1184983.217,58495.6,73,22.82,22.82,27.57,1.02,0.07
51113,1523847.656,1851669.482,9915.333333,57,10.35,10.35,24.45,1.64,0.05
51187,1519532.581,1907327.622,30253.93333,80,9.51,9.51,26.87,1.97,0.07
37065,1635788.182,1587878.711,19154.73333,72,22.83,22.83,28.27,1.69,0.02
13051,1392412.033,1101415.414,23838.4,65,17.26,17.26,24.17,1.05,0.01
51053,1607599.901,1715108.814,49033.13333,78,10.75,10.75,28.22,2.14,0.06
13043,1298399.5,1132052.351,26263.2,77,23.82,23.82,27.38,0.78,0.02
51009,1466190.928,1748958.493,26710.33333,74,11.95,11.95,27.19,1.67,0.03
51770,1402346.68,1700671.94,7831.733333,82,17.51,17.51,28.96,2.15,0.04
37179,1394272.731,1439225.335,44833.53333,60,9.29,9.29,22.09,2.08,0.05
37189,1269211.479,1560293.27,257236.6,47,18.85,18.85,20.79,1.24,0.04
51157,1528372.041,1883439.688,12484.53333,56,8.29,8.29,21.96,1.72,0.06
54085,1273217.53,1895127.718,8899.666667,80,17.58,17.58,31.44,3.05,0.25
51013,1613596.309,1922262.73,37831.66667,43,6.77,6.77,13.98,5.01,0.14
13285,1016197.213,1165749.052,10487.46667,74,17.27,17.27,26.14,1.26,0.10
13039,1360362.387,975480.8504,17128,72,11.96,11.96,25.05,0.75,0.03
36019,1748150.048,2623675.29,24337.26667,69,13.75,13.75,23.70,1.18,0.00
45011,1342753.031,1236098.031,135350.8667,73,21.41,21.41,27.21,1.10,0.03
45057,1384086.392,1403329.781,904638.8,68,15.95,15.95,29.13,1.59,0.04
37011,1251796.433,1540204.588,55809.93333,66,17.58,17.58,26.47,1.20,0.04
24001,1463675.83,1978141.473,15283.66667,64,15.16,15.16,26.38,2.71,0.14
37165,1490869.031,1438927.834,53365.6,79,23.49,23.49,28.09,1.43,0.02
42073,1301449.84,2105533.834,63918.2,62,13.28,13.28,27.29,4.10,0.22
42039,1307257.316,2185193.456,19316.06667,66,14.26,14.26,27.57,2.92,0.10
42015,1596515.267,2251514.685,33476.53333,65,12.86,12.86,26.88,1.47,0.05
13035,1111388.857,1205843.94,19444.13333,91,14.74,14.74,29.11,2.01,0.16
13001,1288990.75,1057012.927,15857.53333,77,19.44,19.44,27.43,0.71,0.01
36107,1604638.584,2296816.053,16597.8,61,9.81,9.81,23.31,1.73,0.03
37121,1231540.194,1530025.882,15297.53333,72,15.86,15.86,27.71,1.09,0.04
45001,1233904.427,1327933.576,42711.13333,70,16.40,16.40,26.93,1.25,0.02
54095,1283161.73,1929358.59,117327.4,86,16.50,16.50,30.61,3.48,0.30
51800,1701943.473,1690601.23,259083.9333,74,11.63,11.63,23.47,1.93,0.05
45023,1343252.819,1397436.613,48423.46667,81,18.55,18.55,30.47,1.43,0.05
13317,1214993.687,1275513.359,5976.666667,76,19.97,19.97,28.11,1.18,0.05
13155,1198918.04,1027877.281,52722.13333,77,21.77,21.77,29.30,0.68,0.01
36045,1590775.698,2508226.523,8101.4,72,14.85,14.85,26.00,1.80,0.01
34001,1803710.599,2031834.035,19885.26667,69,10.93,10.93,25.99,3.11,0.04
42017,1745633.551,2117385.439,14317.46667,60,5.29,5.29,21.84,5.08,0.06
37037,1494044.085,1537413.373,13085.33333,51,10.59,10.59,21.09,2.25,0.04
37097,1349138.009,1524687.672,41938.66667,65,10.99,10.99,25.21,2.32,0.10
42061,1506866.668,2076919.913,230094.6667,61,12.59,12.59,26.34,2.76,0.11
37017,1577416.075,1428761.544,28000.2,70,21.81,21.81,27.52,1.13,0.02
13025,1326661.912,1000420.533,12906.93333,99,18.23,18.23,30.06,0.68,0.02
13315,1178880.849,1066819.615,12550.46667,74,27.23,27.23,28.12,0.73,0.02
51700,1702968.965,1737731.396,12100.93333,68,13.81,13.81,24.95,2.62,0.05
51091,1415121.011,1826079.888,29515.6,56,12.75,12.75,25.21,1.11,0.04
51810,1752695.578,1705589.886,20142.4,63,7.51,7.51,22.45,2.12,0.04
51165,1471173.589,1853131.421,79924.33333,51,8.92,8.92,23.80,1.49,0.05
13183,1339648.617,1064862.147,14600.2,84,20.89,20.89,27.95,0.81,0.01
13231,1074360.616,1179283.593,15996.93333,85,11.23,11.23,25.39,1.47,0.13
13113,1060350.192,1213666.982,12565.2,48,5.18,5.18,18.26,2.41,0.16
13005,1276775.865,1033243.564,12842.8,97,20.66,20.66,29.77,0.65,0.01
37183,1545650.8,1556677.834,17067.26667,53,9.11,9.11,17.73,2.11,0.03
45071,1310463.886,1346837.147,29601.53333,69,16.21,16.21,27.22,1.22,0.02
13071,1158669.438,976083.7313,23162.33333,80,22.59,22.59,27.98,0.70,0.01
13199,1047465.29,1170294.889,24407.13333,66,19.15,19.15,28.19,1.25,0.11
24025,1663852.67,2010730.911,57180.86667,64,6.07,6.07,21.71,4.54,0.12
51051,1197155.374,1651004.36,25407.8,91,20.36,20.36,31.33,1.86,0.05
34035,1780207.58,2151254.925,23062.86667,47,4.27,4.27,15.79,6.03,0.06
36113,1765770.902,2492083.498,66075.73333,63,10.66,10.66,24.27,1.25,0.00
42107,1645709.504,2137970.773,314636.6,67,11.43,11.43,28.67,3.34,0.11
42041,1571533.317,2060710.058,31174.86667,52,6.65,6.65,20.99,3.90,0.11
54071,1427489.357,1864438.437,7509.8,46,13.79,13.79,27.13,1.29,0.07
51021,1303204.702,1667921.155,19269.4,71,12.99,12.99,28.03,1.15,0.03
24043,1538083.918,1990247.173,80512.86667,66,10.17,10.17,25.11,3.62,0.10
13079,1116766.6,1142102.125,27907,75,16.65,16.65,27.51,1.24,0.08
54025,1347254.648,1767353.557,67196.53333,80,17.39,17.39,28.57,1.30,0.04
42045,1731682.361,2066067.558,28062.53333,67,9.15,9.15,24.61,6.20,0.06
13273,1087754.095,1033206.976,24626.4,85,27.55,27.55,27.72,0.80,0.01
42127,1697727.853,2257139.2,38729.06667,64,11.91,11.91,26.91,1.25,0.03
51031,1478293.438,1705612.137,30497.86667,68,11.79,11.79,26.74,1.84,0.05
13129,1011067.176,1330535.353,27040.66667,90,14.01,14.01,28.57,2.06,0.16
51121,1367109.715,1682899.993,102594.1333,55,17.40,17.40,19.98,1.96,0.04
51029,1519909.161,1754957.03,7529.266667,69,18.90,18.90,28.81,1.66,0.04
37055,1798253.644,1604192.673,16554.2,67,9.18,9.18,25.11,1.15,0.01
13137,1130864.957,1359803.544,48418.2,60,13.65,13.65,25.59,1.14,0.03
54043,1204390.574,1770898.492,20027.53333,108,23.91,23.91,33.20,2.43,0.17
42033,1454142.899,2133464.921,39653.8,61,13.97,13.97,27.39,2.17,0.18
36105,1739211.263,2274248.013,71023,71,15.28,15.28,25.81,1.48,0.02
42111,1429094.609,2011809.21,10068.6,49,12.93,12.93,27.22,2.64,0.26
51023,1409669.854,1733520.052,13858.33333,53,6.28,6.28,23.21,1.78,0.03
51109,1559975.42,1808855.188,18999.73333,76,10.14,10.14,26.84,2.05,0.06
42055,1538800.032,2027269.531,98628.4,55,8.53,8.53,24.39,3.28,0.10
13253,1058244.949,935725.1685,38165.06667,81,23.45,23.45,27.06,0.65,0.01
37095,1763204.221,1568816.331,11846.06667,69,22.05,22.05,28.37,1.18,0.01
42103,1727250.264,2227452.264,18406.8,58,8.25,8.25,25.25,1.83,0.04
13105,1201057.911,1311274.263,32879.53333,74,18.65,18.65,28.79,1.11,0.03
45007,1213040.652,1358418.683,123374.5333,70,13.92,13.92,26.80,1.50,0.02
36061,1827575.68,2186232.241,19223.4,43,17.91,17.91,18.74,10.69,0.04
36095,1743539.37,2375273.679,62611.53333,67,12.17,12.17,25.11,1.50,0.01
13301,1226878.056,1235056.745,31379.26667,84,23.90,23.90,28.78,1.33,0.06
13261,1106655.278,1065071.709,47865.26667,70,25.01,25.01,25.11,0.89,0.02
51045,1376536.195,1719306.873,194493,63,10.05,10.05,25.97,1.89,0.03
13107,1274318.468,1149501.496,192238.6667,84,25.76,25.76,27.91,0.75,0.02
54015,1284743.833,1815780.539,9533.466667,103,24.78,24.78,32.11,2.30,0.12
42059,1331673.938,1981403.637,28703.6,74,16.41,16.41,27.35,4.15,0.39
36081,1841804.183,2182258.761,28622.26667,39,14.54,14.54,20.00,14.69,0.04
36065,1648770.996,2428756.763,82015.6,63,14.28,14.28,26.19,1.83,0.01
51079,1510291.406,1835864.464,54257.46667,61,8.13,8.13,24.67,1.53,0.04
54011,1185759.528,1795938.607,178601,83,18.79,18.79,28.83,2.79,0.24
54061,1350699.787,1959197.776,80874.93333,61,17.48,17.48,22.56,3.30,0.33
51510,1616258.352,1915795.151,24404.8,48,8.17,8.17,16.33,4.86,0.15
42063,1410676.886,2085864.825,36010.93333,53,15.93,15.93,24.21,3.69,0.34
24013,1604981.209,1998805.915,146900.7333,61,4.87,4.87,21.19,3.27,0.13
54103,1301405.283,1948184.975,15260.86667,83,17.39,17.39,30.05,3.60,0.33
13299,1287458.284,978514.5473,23654.13333,78,21.82,21.82,28.41,0.64,0.01
54091,1356170.287,1926659.922,33761.8,78,18.14,18.14,28.23,2.71,0.23
37103,1676368.487,1494220.466,74704.6,70,17.85,17.85,27.88,1.35,0.01
45049,1378190.662,1186307.961,23151.86667,74,22.88,22.88,26.23,0.84,0.02
51650,1717605.117,1735088.898,16465.6,73,13.46,13.46,23.96,2.73,0.06
51095,1675785.756,1757564.59,39254.46667,48,6.69,6.69,18.48,2.33,0.07
42069,1678063.195,2228579.147,78161.4,64,12.03,12.03,26.96,1.98,0.05
42013,1475160.903,2078209.205,7898.733333,65,13.15,13.15,26.77,2.97,0.17
13257,1153423.385,1354138.051,9625,83,17.77,17.77,27.33,1.29,0.03
37047,1576210.284,1388925.415,15363.66667,80,22.56,22.56,29.27,0.96,0.02
37071,1330908.701,1463722.596,8577,82,14.53,14.53,28.59,2.61,0.10
45025,1433973.062,1406304.158,16396.86667,81,20.37,20.37,29.29,1.38,0.03
36111,1775867.93,2302403.31,23503.8,61,11.60,11.60,23.75,2.03,0.02
37021,1205489.367,1480787.544,28286.06667,62,14.03,14.03,25.36,1.42,0.05
37015,1686744.852,1615496.926,24388.66667,70,23.18,23.18,26.56,1.53,0.02
34031,1794089.083,2208556.382,60499.53333,52,13.49,13.49,21.47,5.99,0.04
45017,1395339.658,1290613.603,33618.6,53,16.71,16.71,24.63,1.47,0.05
36087,1813564.819,2226668.669,75901.4,44,10.77,10.77,18.28,5.09,0.04
51057,1647038.652,1822048.171,160261,74,13.00,13.00,25.65,2.44,0.10
37135,1498854.676,1579049.044,17668.66667,58,13.19,13.19,17.05,1.98,0.07
34037,1759786.533,2212712.261,24924.53333,63,4.69,4.69,21.71,3.16,0.05
13123,1046569.812,1355924.329,34043.13333,63,15.97,15.97,28.58,1.25,0.09
13295,969740.2733,1351864.506,31268.53333,95,15.15,15.15,29.50,2.12,0.12
45047,1265105.223,1324705.806,51639.26667,65,16.17,16.17,26.53,1.13,0.02
51097,1656798.071,1798464.495,33097.73333,76,12.49,12.49,27.43,2.39,0.09
42099,1566640.722,2086593.725,33646.2,70,8.56,8.56,25.41,3.32,0.11
13047,982225.8689,1372225.108,55292.93333,73,11.64,11.64,27.55,2.70,0.10
37099,1156077.938,1437274.96,27194.93333,58,17.27,17.27,25.83,0.87,0.03
13209,1259366.381,1100453.583,41802.8,87,22.35,22.35,24.57,0.69,0.01
13237,1164434.823,1216682.797,72074.06667,67,15.64,15.64,24.84,1.53,0.15
51163,1436054.549,1767464.309,18088.06667,61,10.61,10.61,24.95,1.71,0.03
37137,1729079.643,1519154.323,29877.86667,64,16.43,16.43,26.17,1.14,0.01
13197,1071814.999,1095905.649,38239.86667,64,22.07,22.07,29.11,0.76,0.03
34025,1820299.025,2125684.596,7923.933333,61,6.18,6.18,20.81,5.02,0.04
13217,1117382.249,1236773.733,7859.866667,75,12.47,12.47,25.47,2.47,0.14
13249,1092478.705,1088370.428,13928.46667,77,17.75,17.75,27.50,0.83,0.03
51143,1459738.423,1658545.822,36028.26667,72,12.98,12.98,28.16,1.93,0.10
51167,1222483.585,1632905.456,58181.8,83,18.17,18.17,29.49,1.77,0.05
13287,1164606.542,1036137.608,68845.53333,75,26.07,26.07,28.29,0.74,0.01
54105,1249192.815,1873699.746,25044.26667,91,18.85,18.85,30.53,2.76,0.28
51025,1594645.856,1677031.064,11306.46667,74,20.12,20.12,28.43,1.57,0.05
51093,1690124.337,1710628.896,15012.53333,70,9.01,9.01,22.83,2.23,0.06
24035,1699831.3,1961649.538,14500.86667,67,6.63,6.63,21.70,4.31,0.10
13125,1235765.269,1216094.351,14446.26667,70,16.13,16.13,28.77,1.26,0.06
42091,1727248.17,2098844.026,7618.6,53,5.43,5.43,20.43,5.06,0.06
37025,1385195.632,1483013.976,12461.93333,66,10.23,10.23,24.38,2.68,0.08
42011,1676333.766,2111342.483,27334.86667,57,10.77,10.77,24.40,4.30,0.09
45015,1479695.44,1250590.851,36083.73333,73,12.89,12.89,26.23,1.20,0.05
54049,1336346.909,1943122.147,10921.8,80,16.30,16.30,26.50,3.27,0.29
51087,1617200.64,1769762.462,14911.73333,64,8.18,8.18,20.61,3.25,0.09
36119,1835028.388,2232826.671,21997.06667,46,8.55,8.55,18.13,5.47,0.03
13185,1211163.789,943251.3662,74505.8,79,20.20,20.20,24.98,0.71,0.01
