SiteID,DEM,Slope,MAP,MAT,NDVI,NLCD
1,1551.1300048828125,1.3014099597930908,384.4010009765625,9.79839038848877,0.3317070007324219,7.0
2,2308.68994140625,0.8581100106239319,194.28199768066406,5.3627400398254395,0.4304659962654114,7.0
3,1689.9300537109375,2.9625699520111084,469.2550048828125,10.055000305175781,0.47126299142837524,6.0
4,1822.1700439453125,2.714050054550171,470.2380065917969,9.396209716796875,0.3969610035419464,6.0
5,1758.6800537109375,1.798069953918457,439.72198486328125,9.526069641113281,0.3488210141658783,6.0
6,2517.139892578125,8.61106014251709,631.3380126953125,5.3045501708984375,0.6745169758796692,4.0
7,2517.139892578125,8.61106014251709,631.3380126953125,5.3045501708984375,0.6745169758796692,4.0
8,1404.97998046875,1.6087199449539185,421.31500244140625,11.793899536132812,0.3053329885005951,6.0
9,1404.97998046875,1.6087199449539185,421.31500244140625,11.793899536132812,0.3053329885005951,6.0
10,1404.97998046875,1.6087199449539185,421.31500244140625,11.793899536132812,0.3053329885005951,6.0
11,1317.9200439453125,1.8549699783325195,417.85198974609375,11.940600395202637,0.3344320058822632,6.0
12,1221.199951171875,1.0647599697113037,443.06500244140625,12.131400108337402,0.3663260042667389,7.0
13,1221.199951171875,1.0647599697113037,443.06500244140625,12.131400108337402,0.3663260042667389,7.0
14,1221.199951171875,1.0647599697113037,443.06500244140625,12.131400108337402,0.3663260042667389,7.0
15,2424.139892578125,16.101299285888672,537.177001953125,5.879690170288086,0.6083980202674866,4.0
16,3471.050048828125,24.940799713134766,548.7639770507812,-0.3424740135669708,0.5067359805107117,4.0
17,1353.52001953125,0.9483500123023987,392.39300537109375,10.35509967803955,0.360603004693985,5.0
18,1353.52001953125,0.9483500123023987,392.39300537109375,10.35509967803955,0.360603004693985,5.0
19,1353.52001953125,0.9483500123023987,392.39300537109375,10.35509967803955,0.360603004693985,5.0
20,1235.010009765625,1.3251800537109375,436.97900390625,10.40310001373291,0.3920759856700897,6.0
21,2692.3701171875,7.89132022857666,451.7409973144531,4.263020038604736,0.38315901160240173,6.0
22,3000.699951171875,13.417200088500977,522.2670288085938,3.8805201053619385,0.5642369985580444,4.0
23,1400.3199462890625,1.277109980583191,295.1210021972656,11.299200057983398,0.25647199153900146,6.0
24,2860.6201171875,14.514800071716309,636.7269897460938,4.097549915313721,0.6777520179748535,4.0
25,2229.56005859375,6.229159832000732,449.9909973144531,7.950850009918213,0.5211780071258545,4.0
26,2328.449951171875,10.462699890136719,508.89801025390625,7.075250148773193,0.57362300157547,4.0
27,2328.449951171875,10.462699890136719,508.89801025390625,7.075250148773193,0.57362300157547,4.0
28,2416.590087890625,7.329060077667236,569.8179931640625,6.1332502365112305,0.5926129817962646,4.0
29,3124.8701171875,16.747499465942383,777.43701171875,2.5697999000549316,0.7378100156784058,4.0
30,2224.419921875,3.9467499256134033,532.8909912109375,6.996880054473877,0.49224600195884705,6.0
31,1917.9000244140625,2.9582901000976562,493.2030029296875,8.97428035736084,0.4275380074977875,6.0
32,2534.300048828125,13.765800476074219,518.1589965820312,3.2809500694274902,0.571150004863739,5.0
33,1909.5999755859375,2.274749994277954,454.6659851074219,8.36713981628418,0.40374699234962463,6.0
34,1708.97998046875,2.5981199741363525,414.9549865722656,9.060819625854492,0.3835659921169281,6.0
35,1682.0999755859375,1.9773399829864502,409.3689880371094,9.131340026855469,0.38319501280784607,6.0
36,2684.260009765625,7.831620216369629,629.9920043945312,4.578090190887451,0.5853670239448547,4.0
37,2684.260009765625,7.831620216369629,629.9920043945312,4.578090190887451,0.5853670239448547,4.0
38,2684.260009765625,7.831620216369629,629.9920043945312,4.578090190887451,0.5853670239448547,4.0
39,2049.090087890625,4.397819995880127,494.80999755859375,8.273909568786621,0.4445190131664276,6.0
40,1810.280029296875,3.7965800762176514,421.2799987792969,10.06980037689209,0.36585700511932373,6.0
41,2105.47998046875,1.60316002368927,500.90399169921875,7.574840068817139,0.38469699025154114,6.0
42,1728.27001953125,1.2252299785614014,377.2030029296875,9.337240219116211,0.30726200342178345,6.0
43,1728.27001953125,1.2252299785614014,377.2030029296875,9.337240219116211,0.30726200342178345,6.0
44,1728.27001953125,1.2252299785614014,377.2030029296875,9.337240219116211,0.30726200342178345,6.0
45,1928.31005859375,2.369040012359619,425.2860107421875,8.127260208129883,0.3787449896335602,6.0
46,2044.1400146484375,20.80970001220703,407.2959899902344,8.467780113220215,0.49995100498199463,4.0
47,2782.050048828125,11.61520004272461,814.0440063476562,3.6919500827789307,0.7814750075340271,4.0
48,3013.669921875,17.722400665283203,942.8469848632812,1.6722999811172485,0.6550300121307373,4.0
49,2630.969970703125,8.861189842224121,460.0039978027344,2.9455199241638184,0.5348569750785828,5.0
50,2662.219970703125,14.462900161743164,468.02301025390625,2.4142398834228516,0.5842480063438416,5.0
51,2662.219970703125,14.462900161743164,468.02301025390625,2.4142398834228516,0.5842480063438416,5.0
52,2662.219970703125,14.462900161743164,468.02301025390625,2.4142398834228516,0.5842480063438416,5.0
53,2722.1298828125,11.68649959564209,492.70098876953125,2.3244900703430176,0.6223559975624084,4.0
54,2777.409912109375,19.34239959716797,615.8419799804688,4.868100166320801,0.7274370193481445,4.0
55,2571.25,8.694939613342285,302.2950134277344,4.001049995422363,0.3134790062904358,5.0
56,2992.820068359375,15.151100158691406,674.260009765625,1.5794299840927124,0.6843699812889099,4.0
57,2723.780029296875,10.93910026550293,513.791015625,3.3358099460601807,0.5155940055847168,5.0
58,1817.1600341796875,2.11149001121521,417.0119934082031,10.675600051879883,0.30972200632095337,6.0
59,2515.320068359375,3.8843801021575928,399.2139892578125,2.8114099502563477,0.5460370182991028,5.0
60,2515.320068359375,3.8843801021575928,399.2139892578125,2.8114099502563477,0.5460370182991028,5.0
61,2826.739990234375,10.257599830627441,645.5440063476562,1.1320699453353882,0.6907349824905396,4.0
62,2826.739990234375,10.257599830627441,645.5440063476562,1.1320699453353882,0.6907349824905396,4.0
63,2826.739990234375,10.257599830627441,645.5440063476562,1.1320699453353882,0.6907349824905396,4.0
64,1338.1199951171875,1.1469999551773071,389.1080017089844,10.643199920654297,0.36991700530052185,6.0
65,1251.510009765625,0.9361370205879211,386.82501220703125,11.097200393676758,0.39468398690223694,6.0
66,1251.510009765625,0.9361370205879211,386.82501220703125,11.097200393676758,0.39468398690223694,6.0
67,1251.510009765625,0.9361370205879211,386.82501220703125,11.097200393676758,0.39468398690223694,6.0
68,1190.8800048828125,1.2996000051498413,383.4010009765625,11.486599922180176,0.3559829890727997,6.0
69,1218.510009765625,0.8175209760665894,408.6109924316406,10.956199645996094,0.3249639868736267,7.0
70,1387.3900146484375,1.4624700546264648,454.7699890136719,10.111300468444824,0.42066800594329834,7.0
71,1387.3900146484375,1.4624700546264648,454.7699890136719,10.111300468444824,0.42066800594329834,7.0
72,1387.3900146484375,1.4624700546264648,454.7699890136719,10.111300468444824,0.42066800594329834,7.0
73,1277.8399658203125,1.7879899740219116,450.1340026855469,10.401399612426758,0.49859800934791565,7.0
74,3376.360107421875,14.390199661254883,580.6060180664062,-0.21302199363708496,0.5357120037078857,4.0
75,3376.360107421875,14.390199661254883,580.6060180664062,-0.21302199363708496,0.5357120037078857,4.0
76,2739.77001953125,18.002599716186523,783.656982421875,4.3282599449157715,0.7466970086097717,4.0
77,2753.6201171875,8.964639663696289,547.1950073242188,2.2301700115203857,0.5759760141372681,4.0
78,2421.300048828125,10.661800384521484,432.7950134277344,5.075409889221191,0.5468270182609558,4.0
79,2302.739990234375,13.644100189208984,547.1380004882812,6.064050197601318,0.6373890042304993,4.0
80,1650.6600341796875,1.8348400592803955,383.4630126953125,8.469160079956055,0.36465299129486084,7.0
81,2380.919921875,13.949999809265137,494.010009765625,7.9369797706604,0.5509260296821594,4.0
82,2045.530029296875,7.859739780426025,469.29400634765625,9.268420219421387,0.43209099769592285,4.0
83,1499.300048828125,1.41989004611969,340.2569885253906,10.28849983215332,0.2645699977874756,6.0
84,1306.72998046875,1.4935200214385986,425.2969970703125,9.521320343017578,0.3953610062599182,6.0
85,1306.72998046875,1.4935200214385986,425.2969970703125,9.521320343017578,0.3953610062599182,6.0
86,1306.72998046875,1.4935200214385986,425.2969970703125,9.521320343017578,0.3953610062599182,6.0
87,1306.72998046875,1.4935200214385986,425.2969970703125,9.521320343017578,0.3953610062599182,6.0
88,1212.8299560546875,1.344849944114685,441.9219970703125,9.456279754638672,0.5253430008888245,6.0
89,1212.8299560546875,1.344849944114685,441.9219970703125,9.456279754638672,0.5253430008888245,6.0
90,2591.18994140625,8.415550231933594,562.7239990234375,6.1474199295043945,0.6818659901618958,4.0
91,2516.75,10.736599922180176,408.44000244140625,6.763649940490723,0.5108950138092041,4.0
92,2516.75,10.736599922180176,408.44000244140625,6.763649940490723,0.5108950138092041,4.0
93,2516.75,10.736599922180176,408.44000244140625,6.763649940490723,0.5108950138092041,4.0
94,1713.530029296875,9.022919654846191,343.5379943847656,9.611100196838379,0.27767300605773926,4.0
95,2358.1201171875,12.2568998336792,560.2340087890625,5.859799861907959,0.6306549906730652,4.0
96,3232.159912109375,14.80370044708252,867.3410034179688,1.205049991607666,0.5886520147323608,4.0
97,2183.280029296875,12.332799911499023,342.64898681640625,6.836359977722168,0.36045798659324646,5.0
98,1885.530029296875,5.747869968414307,348.4639892578125,7.571400165557861,0.26144999265670776,5.0
99,2219.550048828125,14.144700050354004,541.7630004882812,5.760000228881836,0.6207600235939026,4.0
100,2076.8701171875,4.0760698318481445,374.7850036621094,5.5437798500061035,0.340921014547348,5.0
101,1998.1600341796875,6.415999889373779,378.4469909667969,8.879599571228027,0.39424800872802734,4.0
102,1998.1600341796875,6.415999889373779,378.4469909667969,8.879599571228027,0.39424800872802734,4.0
103,1998.1600341796875,6.415999889373779,378.4469909667969,8.879599571228027,0.39424800872802734,4.0
104,2264.5400390625,5.903160095214844,530.1420288085938,7.01230001449585,0.5431299805641174,4.0
105,2326.659912109375,5.382649898529053,533.9400024414062,6.7845001220703125,0.5401729941368103,4.0
106,2581.47998046875,6.358550071716309,679.1389770507812,6.358550071716309,0.7017139792442322,4.0
107,1969.1300048828125,6.5493597984313965,379.38800048828125,9.320630073547363,0.4504759907722473,7.0
108,1341.31005859375,0.9063670039176941,380.989013671875,9.710269927978516,0.39543500542640686,6.0
109,1341.31005859375,0.9063670039176941,380.989013671875,9.710269927978516,0.39543500542640686,6.0
110,1341.31005859375,0.9063670039176941,380.989013671875,9.710269927978516,0.39543500542640686,6.0
111,1398.6500244140625,1.200469970703125,312.4580078125,11.687199592590332,0.25680801272392273,6.0
112,2689.22998046875,8.7493896484375,657.0750122070312,4.985509872436523,0.7224220037460327,4.0
113,2825.110107421875,18.981700897216797,613.697998046875,4.709229946136475,0.6845260262489319,4.0
114,3095.489990234375,6.458920001983643,492.2300109863281,1.5367599725723267,0.47712400555610657,6.0
115,2851.56005859375,6.729790210723877,367.3500061035156,3.102950096130371,0.36730799078941345,6.0
116,2851.56005859375,6.729790210723877,367.3500061035156,3.102950096130371,0.36730799078941345,6.0
117,2851.56005859375,6.729790210723877,367.3500061035156,3.102950096130371,0.36730799078941345,6.0
118,1164.260009765625,0.8678290247917175,465.0530090332031,9.91510009765625,0.39826399087905884,7.0
119,1161.6500244140625,1.0930099487304688,464.6929931640625,9.946089744567871,0.477524995803833,7.0
120,1134.02001953125,0.9306589961051941,465.6960144042969,10.001999855041504,0.5739129781723022,7.0
121,1146.489990234375,1.3835500478744507,392.9939880371094,11.891200065612793,0.3080419898033142,6.0
122,2237.909912109375,12.95580005645752,519.927978515625,6.065629959106445,0.589260995388031,4.0
123,2237.909912109375,12.95580005645752,519.927978515625,6.065629959106445,0.589260995388031,4.0
124,2237.909912109375,12.95580005645752,519.927978515625,6.065629959106445,0.589260995388031,4.0
125,2268.3701171875,16.516000747680664,572.3170166015625,5.624139785766602,0.6985459923744202,4.0
126,2954.1201171875,13.080499649047852,960.4979858398438,1.902649998664856,0.7359780073165894,4.0
127,3123.389892578125,16.792800903320312,835.6690063476562,1.8837499618530273,0.6462820172309875,4.0
128,2990.3798828125,14.313599586486816,637.1649780273438,2.4335598945617676,0.6108149886131287,4.0
129,2320.81005859375,0.8050410151481628,195.2480010986328,5.281040191650391,0.6567350029945374,7.0
130,2320.81005859375,0.8050410151481628,195.2480010986328,5.281040191650391,0.6567350029945374,7.0
131,2202.1298828125,14.286700248718262,595.0289916992188,5.5106201171875,0.6568729877471924,4.0
132,2675.31005859375,12.5693998336792,827.468017578125,2.7985498905181885,0.7337430119514465,4.0
133,2166.2900390625,7.256430149078369,576.1010131835938,4.703800201416016,0.6704170107841492,5.0
134,3063.06005859375,14.628399848937988,519.6500244140625,2.444499969482422,0.5959349870681763,4.0
135,2439.06005859375,3.5702099800109863,244.26699829101562,5.512829780578613,0.2591330111026764,6.0
136,2439.06005859375,3.5702099800109863,244.26699829101562,5.512829780578613,0.2591330111026764,6.0
137,2439.06005859375,3.5702099800109863,244.26699829101562,5.512829780578613,0.2591330111026764,6.0
138,2575.2099609375,7.910620212554932,287.33099365234375,5.02016019821167,0.35447901487350464,6.0
139,2301.239990234375,0.8309100270271301,197.30099487304688,5.4491400718688965,0.22146299481391907,5.0
140,2301.239990234375,0.8309100270271301,197.30099487304688,5.4491400718688965,0.22146299481391907,5.0
141,2301.239990234375,0.8309100270271301,197.30099487304688,5.4491400718688965,0.22146299481391907,5.0
142,2876.929931640625,21.78809928894043,421.30999755859375,2.5306599140167236,0.517274022102356,5.0
143,3618.02001953125,26.10420036315918,1128.1099853515625,-0.5910639762878418,0.45439401268959045,6.0
144,2484.0,6.845799922943115,538.1220092773438,5.707220077514648,0.5433480143547058,4.0
145,2484.0,6.845799922943115,538.1220092773438,5.707220077514648,0.5433480143547058,4.0
146,2602.429931640625,11.38860034942627,394.6709899902344,3.1668100357055664,0.5581820011138916,4.0
147,1487.530029296875,1.1627899408340454,416.31500244140625,9.305939674377441,0.34585198760032654,7.0
148,1319.43994140625,1.3089900016784668,429.5299987792969,9.793160438537598,0.42163801193237305,6.0
149,1507.0899658203125,1.3024499416351318,341.94000244140625,9.670479774475098,0.5132309794425964,7.0
150,1414.1500244140625,1.1835099458694458,344.89300537109375,9.51675033569336,0.5607920289039612,7.0
151,1414.1500244140625,1.1835099458694458,344.89300537109375,9.51675033569336,0.5607920289039612,7.0
152,1414.1500244140625,1.1835099458694458,344.89300537109375,9.51675033569336,0.5607920289039612,7.0
153,1635.2099609375,1.5145399570465088,365.17401123046875,8.430150032043457,0.38057100772857666,6.0
154,1457.199951171875,1.47993004322052,345.0539855957031,9.325630187988281,0.3934040069580078,6.0
155,1326.949951171875,1.1062400341033936,443.7330017089844,10.073100090026855,0.43371298909187317,6.0
156,1256.6500244140625,0.9491469860076904,437.1130065917969,10.178299903869629,0.5163840055465698,7.0
157,1178.5999755859375,2.825969934463501,462.99798583984375,10.380499839782715,0.4151709973812103,6.0
158,1178.5999755859375,2.825969934463501,462.99798583984375,10.380499839782715,0.4151709973812103,6.0
159,1178.5999755859375,2.825969934463501,462.99798583984375,10.380499839782715,0.4151709973812103,6.0
160,323.6610107421875,1.0671600103378296,1080.719970703125,13.42590045928955,0.6906660199165344,7.0
161,323.6610107421875,1.0671600103378296,1080.719970703125,13.42590045928955,0.6906660199165344,7.0
162,323.6610107421875,1.0671600103378296,1080.719970703125,13.42590045928955,0.6906660199165344,7.0
163,329.9679870605469,1.9721800088882446,940.4769897460938,12.201700210571289,0.7372400164604187,7.0
164,466.35198974609375,2.2085800170898438,715.458984375,14.306599617004395,0.521265983581543,6.0
165,474.0150146484375,1.7912700176239014,724.2780151367188,14.169500350952148,0.5310199856758118,6.0
166,600.5230102539062,1.2538299560546875,650.0089721679688,12.706600189208984,0.47894901037216187,7.0
167,600.5230102539062,1.2538299560546875,650.0089721679688,12.706600189208984,0.47894901037216187,7.0
168,600.5230102539062,1.2538299560546875,650.0089721679688,12.706600189208984,0.47894901037216187,7.0
169,566.4099731445312,1.0356199741363525,674.9329833984375,12.889100074768066,0.5235350131988525,7.0
170,343.7300109863281,1.7722500562667847,922.5269775390625,11.909500122070312,0.7507249712944031,7.0
171,343.7300109863281,1.7722500562667847,922.5269775390625,11.909500122070312,0.7507249712944031,7.0
172,343.7300109863281,1.7722500562667847,922.5269775390625,11.909500122070312,0.7507249712944031,7.0
173,313.8299865722656,2.361840009689331,927.77001953125,11.69950008392334,0.7969920039176941,7.0
174,313.8299865722656,2.361840009689331,927.77001953125,11.69950008392334,0.7969920039176941,7.0
175,387.9330139160156,1.187459945678711,924.5709838867188,13.65839958190918,0.6664549708366394,6.0
176,443.19000244140625,1.5024299621582031,864.2429809570312,13.0423002243042,0.6561779975891113,6.0
177,433.20599365234375,1.3609999418258667,909.0989990234375,13.51259994506836,0.6737759709358215,6.0
178,417.46099853515625,2.6161301136016846,857.4730224609375,12.890999794006348,0.6905909776687622,6.0
179,406.9049987792969,2.929800033569336,902.2100219726562,12.647899627685547,0.6927559971809387,6.0
180,406.9049987792969,2.929800033569336,902.2100219726562,12.647899627685547,0.6927559971809387,6.0
181,406.9049987792969,2.929800033569336,902.2100219726562,12.647899627685547,0.6927559971809387,6.0
182,277.6629943847656,2.9236700534820557,1013.7000122070312,14.15250015258789,0.7292829751968384,6.0
183,1119.699951171875,1.1705000400543213,481.4200134277344,10.618499755859375,0.45019200444221497,7.0
184,1056.050048828125,2.2831599712371826,470.2430114746094,10.753499984741211,0.4311479926109314,6.0
185,1030.47998046875,1.9117900133132935,514.551025390625,10.684000015258789,0.41910600662231445,7.0
186,750.3629760742188,1.9208799600601196,565.6539916992188,13.086199760437012,0.4352230131626129,6.0
187,750.3629760742188,1.9208799600601196,565.6539916992188,13.086199760437012,0.4352230131626129,6.0
188,750.3629760742188,1.9208799600601196,565.6539916992188,13.086199760437012,0.4352230131626129,6.0
189,469.864990234375,2.0838000774383545,753.0570068359375,11.799200057983398,0.585411012172699,6.0
190,319.3800048828125,1.3252400159835815,1003.02001953125,13.123000144958496,0.7217190265655518,7.0
191,821.1589965820312,1.9281200170516968,559.8839721679688,11.0447998046875,0.48979800939559937,7.0
192,801.052978515625,1.8885600566864014,556.2009887695312,10.798700332641602,0.4710420072078705,7.0
193,372.87701416015625,2.136470079421997,856.677978515625,12.766300201416016,0.5869920253753662,6.0
194,298.0539855957031,3.1455299854278564,935.5289916992188,11.802599906921387,0.7735379934310913,7.0
195,542.176025390625,0.7851009964942932,707.1599731445312,12.943400382995605,0.47439900040626526,7.0
196,456.9070129394531,1.8918499946594238,740.4819946289062,12.661700248718262,0.6108430027961731,6.0
197,799.43798828125,1.7092100381851196,530.822021484375,12.32349967956543,0.43735501170158386,6.0
198,782.7160034179688,1.0333800315856934,563.458984375,12.571000099182129,0.38275599479675293,7.0
199,728.6290283203125,0.9638699889183044,631.4409790039062,12.827400207519531,0.495620995759964,7.0
200,782.8870239257812,1.1829899549484253,570.2479858398438,11.520400047302246,0.4588859975337982,7.0
201,744.1820068359375,2.3065500259399414,561.6279907226562,11.477899551391602,0.5097870230674744,6.0
202,723.0590209960938,1.9809199571609497,571.926025390625,11.507800102233887,0.5006759762763977,6.0
203,729.718017578125,2.127419948577881,560.3569946289062,11.381199836730957,0.5051530003547668,7.0
204,729.718017578125,2.127419948577881,560.3569946289062,11.381199836730957,0.5051530003547668,7.0
205,729.718017578125,2.127419948577881,560.3569946289062,11.381199836730957,0.5051530003547668,7.0
206,858.2680053710938,0.910709023475647,522.9580078125,12.259699821472168,0.4560230076313019,7.0
207,352.0820007324219,1.6329699754714966,933.614013671875,13.22189998626709,0.699741005897522,6.0
208,313.1700134277344,2.0283899307250977,963.4099731445312,13.451199531555176,0.7222959995269775,6.0
209,313.1700134277344,2.0283899307250977,963.4099731445312,13.451199531555176,0.7222959995269775,6.0
210,1038.989990234375,1.311900019645691,435.4339904785156,12.329299926757812,0.37809500098228455,7.0
211,414.6340026855469,1.2711900472640991,809.1929931640625,14.599100112915039,0.4498499929904938,7.0
212,472.97601318359375,1.3708000183105469,780.583984375,13.910799980163574,0.4619370102882385,7.0
213,472.97601318359375,1.3708000183105469,780.583984375,13.910799980163574,0.4619370102882385,7.0
214,472.97601318359375,1.3708000183105469,780.583984375,13.910799980163574,0.4619370102882385,7.0
215,924.60498046875,1.1783599853515625,471.3900146484375,12.59850025177002,0.48420101404190063,7.0
216,296.39300537109375,3.3716700077056885,954.4249877929688,12.450200080871582,0.7508590221405029,7.0
217,533.572998046875,1.9518799781799316,684.5789794921875,11.213500022888184,0.5561479926109314,6.0
218,909.0390014648438,0.9983350038528442,477.9620056152344,12.189200401306152,0.6692109704017639,7.0
219,909.0390014648438,0.9983350038528442,477.9620056152344,12.189200401306152,0.6692109704017639,7.0
220,909.0390014648438,0.9983350038528442,477.9620056152344,12.189200401306152,0.6692109704017639,7.0
221,484.6889953613281,1.4413599967956543,777.0180053710938,13.820699691772461,0.44242700934410095,7.0
222,699.2559814453125,0.976019024848938,637.2529907226562,12.843299865722656,0.5275229811668396,7.0
223,269.3349914550781,1.0116499662399292,1115.6099853515625,13.939900398254395,0.6733859777450562,7.0
224,851.2310180664062,1.2845799922943115,517.8670043945312,12.062399864196777,0.38867199420928955,7.0
225,848.8660278320312,1.056839942932129,533.5709838867188,11.955900192260742,0.4318450093269348,7.0
226,848.8660278320312,1.056839942932129,533.5709838867188,11.955900192260742,0.4318450093269348,7.0
227,848.8660278320312,1.056839942932129,533.5709838867188,11.955900192260742,0.4318450093269348,7.0
228,446.27801513671875,2.601210117340088,715.052978515625,12.23639965057373,0.5383120179176331,6.0
229,953.5599975585938,1.4769500494003296,487.9599914550781,11.390899658203125,0.3769789934158325,6.0
230,953.5599975585938,1.4769500494003296,487.9599914550781,11.390899658203125,0.3769789934158325,6.0
231,953.5599975585938,1.4769500494003296,487.9599914550781,11.390899658203125,0.3769789934158325,6.0
232,896.4719848632812,1.5348199605941772,491.90899658203125,11.661299705505371,0.41123300790786743,6.0
233,367.7179870605469,1.2719199657440186,932.7249755859375,12.647500038146973,0.6895229816436768,6.0
234,458.91900634765625,0.9815850257873535,812.8510131835938,13.214500427246094,0.5504189729690552,7.0
235,420.4739990234375,1.091230034828186,851.3660278320312,12.795900344848633,0.5871769785881042,7.0
236,421.02099609375,2.6237800121307373,849.2869873046875,11.26930046081543,0.7057759761810303,7.0
237,421.02099609375,2.6237800121307373,849.2869873046875,11.26930046081543,0.7057759761810303,7.0
238,258.64898681640625,1.54830002784729,1060.1800537109375,13.931900024414062,0.6527320146560669,7.0
239,258.64898681640625,1.54830002784729,1060.1800537109375,13.931900024414062,0.6527320146560669,7.0
240,258.64898681640625,1.54830002784729,1060.1800537109375,13.931900024414062,0.6527320146560669,7.0
241,1027.9100341796875,0.8336889743804932,433.1059875488281,12.616299629211426,0.34701699018478394,7.0
242,1027.9100341796875,0.8336889743804932,433.1059875488281,12.616299629211426,0.34701699018478394,7.0
243,1027.9100341796875,0.8336889743804932,433.1059875488281,12.616299629211426,0.34701699018478394,7.0
244,973.77197265625,0.8752949833869934,440.8909912109375,12.79319953918457,0.41568300127983093,7.0
245,307.15899658203125,1.3130500316619873,1090.719970703125,13.592399597167969,0.7195299863815308,7.0
246,735.6010131835938,1.9177700281143188,613.3709716796875,10.889300346374512,0.5036540031433105,7.0
247,333.5480041503906,1.608989953994751,948.8779907226562,12.601200103759766,0.7322970032691956,7.0
248,330.0690002441406,2.2146100997924805,952.406005859375,12.534799575805664,0.7288519740104675,6.0
249,418.87200927734375,1.767240047454834,782.9039916992188,12.739299774169922,0.581633985042572,6.0
250,676.6920166015625,1.3399699926376343,587.5,12.601900100708008,0.4569309949874878,7.0
251,676.6920166015625,1.3399699926376343,587.5,12.601900100708008,0.4569309949874878,7.0
252,676.6920166015625,1.3399699926376343,587.5,12.601900100708008,0.4569309949874878,7.0
253,660.0980224609375,0.9891679883003235,590.2869873046875,12.781100273132324,0.5152760148048401,7.0
254,327.38800048828125,2.726680040359497,893.4970092773438,12.477499961853027,0.7317219972610474,6.0
255,479.90301513671875,1.2849899530410767,762.5120239257812,11.287799835205078,0.6114959716796875,7.0
256,518.9390258789062,0.9762510061264038,733.1300048828125,13.100299835205078,0.526045024394989,7.0
257,350.52899169921875,3.3058199882507324,874.1019897460938,12.517399787902832,0.7113800048828125,7.0
258,344.906005859375,1.9021199941635132,877.2760009765625,12.676400184631348,0.7138360142707825,7.0
259,344.906005859375,1.9021199941635132,877.2760009765625,12.676400184631348,0.7138360142707825,7.0
260,555.5960083007812,1.948889970779419,665.7449951171875,12.443099975585938,0.5379639863967896,6.0
261,426.17401123046875,1.034559965133667,830.219970703125,13.507699966430664,0.5890750288963318,6.0
262,862.3270263671875,0.876488983631134,508.1260070800781,12.892499923706055,0.5354220271110535,7.0
263,307.7430114746094,1.87076997756958,929.9619750976562,12.531200408935547,0.7490370273590088,7.0
264,605.6259765625,0.6492530107498169,649.322021484375,13.130999565124512,0.5741329789161682,7.0
265,605.6259765625,0.6492530107498169,649.322021484375,13.130999565124512,0.5741329789161682,7.0
266,605.6259765625,0.6492530107498169,649.322021484375,13.130999565124512,0.5741329789161682,7.0
267,585.0260009765625,1.0970499515533447,672.2050170898438,13.37660026550293,0.5498570203781128,7.0
268,935.8790283203125,0.8980649709701538,458.2820129394531,12.821200370788574,0.5811330080032349,7.0
269,390.2869873046875,0.9612209796905518,798.9429931640625,14.36139965057373,0.4635399878025055,7.0
270,390.2869873046875,0.9612209796905518,798.9429931640625,14.36139965057373,0.4635399878025055,7.0
271,390.2869873046875,0.9612209796905518,798.9429931640625,14.36139965057373,0.4635399878025055,7.0
272,355.4570007324219,1.1092000007629395,852.3729858398438,14.480400085449219,0.577646017074585,7.0
273,1008.3699951171875,1.0706499814987183,511.67999267578125,10.772299766540527,0.42191100120544434,7.0
274,1008.3699951171875,1.0706499814987183,511.67999267578125,10.772299766540527,0.42191100120544434,7.0
275,1008.3699951171875,1.0706499814987183,511.67999267578125,10.772299766540527,0.42191100120544434,7.0
276,982.3359985351562,0.9420980215072632,516.0369873046875,10.732399940490723,0.5301939845085144,7.0
277,982.3359985351562,0.9420980215072632,516.0369873046875,10.732399940490723,0.5301939845085144,7.0
278,982.3359985351562,0.9420980215072632,516.0369873046875,10.732399940490723,0.5301939845085144,7.0
279,910.8090209960938,0.92815101146698,523.2949829101562,11.065999984741211,0.5652850270271301,7.0
280,699.0770263671875,1.628159999847412,581.9840087890625,11.752799987792969,0.44409599900245667,6.0
281,368.1759948730469,3.812700033187866,899.4819946289062,12.435999870300293,0.7337250113487244,6.0
282,368.1759948730469,3.812700033187866,899.4819946289062,12.435999870300293,0.7337250113487244,6.0
283,368.1759948730469,3.812700033187866,899.4819946289062,12.435999870300293,0.7337250113487244,6.0
284,373.6369934082031,3.9188199043273926,904.708984375,12.276300430297852,0.7028430104255676,6.0
285,1086.93994140625,0.8839930295944214,476.9580078125,11.336299896240234,0.44660601019859314,7.0
286,423.2229919433594,1.6520600318908691,797.27197265625,11.895899772644043,0.6273170113563538,6.0
287,327.46600341796875,1.3485900163650513,1014.9600219726562,13.206299781799316,0.7277430295944214,7.0
288,2277.75,8.067429542541504,479.5889892578125,8.349599838256836,0.4930959939956665,4.0
289,2277.75,8.067429542541504,479.5889892578125,8.349599838256836,0.4930959939956665,4.0
290,2277.75,8.067429542541504,479.5889892578125,8.349599838256836,0.4930959939956665,4.0
291,2162.0,4.2948899269104,314.77099609375,8.849949836730957,0.22470900416374207,5.0
292,2281.419921875,7.745950222015381,391.49798583984375,8.53378963470459,0.35302698612213135,4.0
293,2357.300048828125,8.016200065612793,415.5840148925781,8.799050331115723,0.3411479890346527,4.0
294,2334.669921875,7.092350006103516,432.6300048828125,9.594650268554688,0.28307801485061646,4.0
295,2317.489990234375,2.635040044784546,368.20098876953125,8.189599990844727,0.28379398584365845,5.0
296,1296.5,1.8164499998092651,343.8139953613281,14.65470027923584,0.19729599356651306,5.0
297,1296.5,1.8164499998092651,343.8139953613281,14.65470027923584,0.19729599356651306,5.0
298,1296.5,1.8164499998092651,343.8139953613281,14.65470027923584,0.19729599356651306,5.0
299,1157.9000244140625,1.3157299757003784,372.1719970703125,15.005999565124512,0.2478030025959015,5.0
300,1298.6500244140625,1.716189980506897,393.8970031738281,14.730799674987793,0.27536100149154663,6.0
301,1257.010009765625,1.0320500135421753,395.3080139160156,14.592100143432617,0.30284398794174194,6.0
302,2157.889892578125,3.88100004196167,369.9389953613281,9.087200164794922,0.2919360101222992,4.0
303,2152.389892578125,2.870889902114868,357.8800048828125,9.070859909057617,0.24212700128555298,5.0
304,2237.429931640625,5.289299964904785,385.5400085449219,8.277850151062012,0.3478339910507202,4.0
305,2514.780029296875,6.598979949951172,530.7139892578125,7.41379976272583,0.5374199748039246,4.0
306,2847.39990234375,8.50374984741211,636.9000244140625,4.347169876098633,0.6198740005493164,4.0
307,2847.39990234375,8.50374984741211,636.9000244140625,4.347169876098633,0.6198740005493164,4.0
308,2847.39990234375,8.50374984741211,636.9000244140625,4.347169876098633,0.6198740005493164,4.0
309,2559.18994140625,12.312800407409668,515.5800170898438,6.81505012512207,0.4777809977531433,4.0
310,2559.18994140625,12.312800407409668,515.5800170898438,6.81505012512207,0.4777809977531433,4.0
311,2559.18994140625,12.312800407409668,515.5800170898438,6.81505012512207,0.4777809977531433,4.0
312,1841.8299560546875,1.2734400033950806,404.4320068359375,9.717309951782227,0.34030699729919434,6.0
313,1395.6300048828125,1.122059941291809,455.7090148925781,13.592399597167969,0.31891700625419617,6.0
314,1460.3199462890625,1.8856699466705322,357.46600341796875,13.895999908447266,0.2546510100364685,6.0
315,1393.1400146484375,1.3943099975585938,364.8739929199219,14.083800315856934,0.2651419937610626,6.0
316,1340.010009765625,2.0236101150512695,386.69500732421875,14.292900085449219,0.27843600511550903,6.0
317,1433.8299560546875,4.244180202484131,314.19500732421875,16.303699493408203,0.20172899961471558,5.0
318,1409.6300048828125,1.7170000076293945,293.875,15.98960018157959,0.19185200333595276,5.0
319,1623.3199462890625,11.54419994354248,468.5469970703125,14.784299850463867,0.3587070107460022,4.0
320,1013.5499877929688,1.6959400177001953,344.0320129394531,16.742799758911133,0.2291029989719391,5.0
321,1595.719970703125,10.185600280761719,416.12298583984375,13.68649959564209,0.2738650143146515,5.0
322,1595.719970703125,10.185600280761719,416.12298583984375,13.68649959564209,0.2738650143146515,5.0
323,1516.199951171875,11.01099967956543,393.2550048828125,14.01099967956543,0.28633901476860046,5.0
324,1904.43994140625,7.600940227508545,467.3590087890625,11.830100059509277,0.3954229950904846,5.0
325,1552.6600341796875,2.377150058746338,340.8450012207031,14.35319995880127,0.19132000207901,5.0
326,1738.9000244140625,2.0294299125671387,403.3999938964844,11.868800163269043,0.2539519965648651,6.0
327,1732.8699951171875,1.8627599477767944,409.6499938964844,10.780699729919434,0.29441601037979126,6.0
328,1313.989990234375,1.2521799802780151,414.93798828125,13.599599838256836,0.30101901292800903,6.0
329,1591.1800537109375,2.5131800174713135,424.9840087890625,14.278800010681152,0.24345000088214874,6.0
330,1334.06005859375,7.531680107116699,315.6050109863281,15.669899940490723,0.19401100277900696,5.0
331,1304.3599853515625,1.2256900072097778,305.88800048828125,15.796699523925781,0.1574079990386963,5.0
332,1371.9100341796875,3.5519800186157227,308.5270080566406,15.463700294494629,0.17936399579048157,5.0
333,1066.8299560546875,1.3892600536346436,344.9469909667969,17.018199920654297,0.2529110014438629,5.0
334,1106.3800048828125,0.9398000240325928,364.9200134277344,16.34950065612793,0.25055500864982605,5.0
335,1217.9300537109375,1.328279972076416,390.2149963378906,15.455300331115723,0.2797499895095825,6.0
336,1131.27001953125,0.9474959969520569,373.6180114746094,16.037099838256836,0.2791149914264679,5.0
337,1035.5899658203125,1.0580999851226807,308.8330078125,16.678199768066406,0.2623560130596161,5.0
338,1035.5899658203125,1.0580999851226807,308.8330078125,16.678199768066406,0.2623560130596161,5.0
339,1035.5899658203125,1.0580999851226807,308.8330078125,16.678199768066406,0.2623560130596161,5.0
340,1200.989990234375,1.1089400053024292,421.4809875488281,14.780500411987305,0.33557599782943726,6.0
341,1698.6500244140625,1.7172499895095825,367.9800109863281,13.08430004119873,0.22611400485038757,5.0
342,1460.3399658203125,1.217210054397583,308.4070129394531,15.256500244140625,0.16204699873924255,5.0
343,1416.9599609375,1.1810799837112427,297.5929870605469,15.13479995727539,0.16363799571990967,5.0
344,1416.9599609375,1.1810799837112427,297.5929870605469,15.13479995727539,0.16363799571990967,5.0
345,1414.030029296875,4.823999881744385,306.0050048828125,15.196700096130371,0.17965899407863617,5.0
346,2337.169921875,10.502599716186523,442.8080139160156,7.642399787902832,0.34443598985671997,6.0
347,2178.110107421875,6.3319501876831055,353.135986328125,9.062729835510254,0.27178800106048584,5.0
348,2219.239990234375,4.457610130310059,349.31298828125,9.172840118408203,0.3206630051136017,4.0
349,2128.75,7.420159816741943,353.6919860839844,8.872550010681152,0.2256540060043335,5.0
350,2230.669921875,10.467599868774414,339.23699951171875,8.614339828491211,0.25694799423217773,5.0
351,2230.669921875,10.467599868774414,339.23699951171875,8.614339828491211,0.25694799423217773,5.0
352,2230.669921875,10.467599868774414,339.23699951171875,8.614339828491211,0.25694799423217773,5.0
353,1983.72998046875,2.4372899532318115,465.3500061035156,9.481980323791504,0.3390269875526428,6.0
354,1229.030029296875,0.905896008014679,263.7130126953125,16.558700561523438,0.189533993601799,5.0
355,1200.699951171875,4.2087202072143555,270.4320068359375,15.972999572753906,0.19229499995708466,5.0
356,1484.3800048828125,1.6223499774932861,428.25799560546875,13.491800308227539,0.2705189883708954,6.0
357,1484.3800048828125,1.6223499774932861,428.25799560546875,13.491800308227539,0.2705189883708954,6.0
358,1484.3800048828125,1.6223499774932861,428.25799560546875,13.491800308227539,0.2705189883708954,6.0
359,1237.18994140625,1.2328200340270996,421.8179931640625,14.323699951171875,0.31704801321029663,5.0
360,1237.18994140625,1.2328200340270996,421.8179931640625,14.323699951171875,0.31704801321029663,5.0
361,1237.18994140625,1.2328200340270996,421.8179931640625,14.323699951171875,0.31704801321029663,5.0
362,1175.760009765625,2.32709002494812,432.552001953125,14.162400245666504,0.28281599283218384,5.0
363,2182.89990234375,4.939740180969238,434.364013671875,6.988379955291748,0.39325401186943054,5.0
364,2705.760009765625,9.070050239562988,704.593994140625,5.487370014190674,0.6759520173072815,4.0
365,2285.14990234375,9.571629524230957,473.73199462890625,7.924149990081787,0.5194640159606934,4.0
366,2285.14990234375,9.571629524230957,473.73199462890625,7.924149990081787,0.5194640159606934,4.0
367,2285.14990234375,9.571629524230957,473.73199462890625,7.924149990081787,0.5194640159606934,4.0
368,2517.47998046875,7.052070140838623,538.8880004882812,7.38454008102417,0.5326700210571289,4.0
369,2825.06005859375,8.403200149536133,637.572021484375,3.0827300548553467,0.5327469706535339,6.0
370,1331.43994140625,1.872879981994629,401.31298828125,14.26609992980957,0.2856700122356415,6.0
371,1331.43994140625,1.872879981994629,401.31298828125,14.26609992980957,0.2856700122356415,6.0
372,1331.43994140625,1.872879981994629,401.31298828125,14.26609992980957,0.2856700122356415,6.0
373,1287.72998046875,1.5623300075531006,421.2909851074219,14.220399856567383,0.2994309961795807,6.0
374,1287.72998046875,1.5623300075531006,421.2909851074219,14.220399856567383,0.2994309961795807,6.0
375,1287.72998046875,1.5623300075531006,421.2909851074219,14.220399856567383,0.2994309961795807,6.0
376,1309.3699951171875,0.8359299898147583,414.9020080566406,14.358099937438965,0.32932600378990173,6.0
377,1309.3699951171875,0.8359299898147583,414.9020080566406,14.358099937438965,0.32932600378990173,6.0
378,1319.239990234375,0.9313700199127197,417.7969970703125,14.286199569702148,0.33741798996925354,6.0
379,1319.239990234375,0.9313700199127197,417.7969970703125,14.286199569702148,0.33741798996925354,6.0
380,1319.239990234375,0.9313700199127197,417.7969970703125,14.286199569702148,0.33741798996925354,6.0
381,1261.5,0.9815869927406311,452.6440124511719,13.993399620056152,0.45288199186325073,7.0
382,2089.070068359375,4.34867000579834,274.9549865722656,8.673480033874512,0.21399299800395966,5.0
383,2089.070068359375,4.34867000579834,274.9549865722656,8.673480033874512,0.21399299800395966,5.0
384,2089.070068359375,4.34867000579834,274.9549865722656,8.673480033874512,0.21399299800395966,5.0
385,1981.6199951171875,7.504549980163574,290.14801025390625,10.022500038146973,0.22958000004291534,5.0
386,1919.780029296875,4.518330097198486,262.3739929199219,10.56659984588623,0.16552799940109253,5.0
387,1919.780029296875,4.518330097198486,262.3739929199219,10.56659984588623,0.16552799940109253,5.0
388,1919.780029296875,4.518330097198486,262.3739929199219,10.56659984588623,0.16552799940109253,5.0
389,1677.489990234375,3.478640079498291,287.5580139160156,12.515299797058105,0.18392500281333923,5.0
390,1970.1600341796875,2.3548500537872314,247.3730010986328,9.662679672241211,0.153098002076149,5.0
391,2058.5400390625,2.982290029525757,262.9280090332031,9.232780456542969,0.18752700090408325,5.0
392,1868.47998046875,7.24783992767334,313.3210144042969,9.934510231018066,0.23508000373840332,5.0
393,1920.7099609375,5.738289833068848,439.4179992675781,10.101300239562988,0.34963399171829224,5.0
394,1601.4000244140625,4.326189994812012,372.3290100097656,14.319999694824219,0.21136100590229034,5.0
395,1574.0899658203125,6.087800025939941,308.52899169921875,14.64169979095459,0.20507200062274933,5.0
396,2149.489990234375,1.1837799549102783,342.4100036621094,9.112000465393066,0.20409899950027466,6.0
397,2149.489990234375,1.1837799549102783,342.4100036621094,9.112000465393066,0.20409899950027466,6.0
398,2218.2900390625,5.90254020690918,386.9599914550781,9.169249534606934,0.2577289938926697,6.0
399,2016.9300537109375,4.192359924316406,336.8659973144531,10.310799598693848,0.1775449961423874,5.0
400,2016.9300537109375,4.192359924316406,336.8659973144531,10.310799598693848,0.1775449961423874,5.0
401,1655.760009765625,5.789999961853027,284.21600341796875,13.677499771118164,0.18907399475574493,5.0
402,1655.760009765625,5.789999961853027,284.21600341796875,13.677499771118164,0.18907399475574493,5.0
403,1655.760009765625,5.789999961853027,284.21600341796875,13.677499771118164,0.18907399475574493,5.0
404,1943.2099609375,6.38808012008667,335.30999755859375,11.35789966583252,0.21184000372886658,5.0
405,1943.2099609375,6.38808012008667,335.30999755859375,11.35789966583252,0.21184000372886658,5.0
406,1943.2099609375,6.38808012008667,335.30999755859375,11.35789966583252,0.21184000372886658,5.0
407,1815.2900390625,1.5398499965667725,298.625,12.265399932861328,0.19049899280071259,5.0
408,1737.199951171875,6.698050022125244,292.8330078125,12.904800415039062,0.20281800627708435,5.0
409,2340.93994140625,5.148809909820557,292.3190002441406,6.165259838104248,0.22811199724674225,5.0
410,2934.510009765625,17.16659927368164,781.0759887695312,4.174449920654297,0.7227450013160706,4.0
411,2934.510009765625,17.16659927368164,781.0759887695312,4.174449920654297,0.7227450013160706,4.0
412,2934.510009765625,17.16659927368164,781.0759887695312,4.174449920654297,0.7227450013160706,4.0
413,2101.0,4.437339782714844,426.37298583984375,10.025699615478516,0.3437409996986389,4.0
414,2101.0,4.437339782714844,426.37298583984375,10.025699615478516,0.3437409996986389,4.0
415,2101.0,4.437339782714844,426.37298583984375,10.025699615478516,0.3437409996986389,4.0
416,1969.4100341796875,7.411499977111816,447.8940124511719,9.472299575805664,0.4869379997253418,4.0
417,1604.22998046875,2.4939799308776855,421.52801513671875,11.195099830627441,0.335642009973526,6.0
418,1604.22998046875,2.4939799308776855,421.52801513671875,11.195099830627441,0.335642009973526,6.0
419,1604.22998046875,2.4939799308776855,421.52801513671875,11.195099830627441,0.335642009973526,6.0
420,2552.469970703125,7.109300136566162,458.6520080566406,2.7502501010894775,0.5260890126228333,5.0
421,2178.820068359375,1.209939956665039,327.1210021972656,5.019320011138916,0.3303009867668152,5.0
422,1612.1300048828125,4.0183000564575195,378.9469909667969,6.872029781341553,0.3862299919128418,6.0
423,1612.1300048828125,4.0183000564575195,378.9469909667969,6.872029781341553,0.3862299919128418,6.0
424,1612.1300048828125,4.0183000564575195,378.9469909667969,6.872029781341553,0.3862299919128418,6.0
425,1284.699951171875,3.6618800163269043,391.11199951171875,7.3518900871276855,0.3796989917755127,6.0
426,1355.1099853515625,3.319689989089966,401.0140075683594,7.188849925994873,0.41384199261665344,6.0
427,1094.050048828125,3.288719892501831,371.9530029296875,7.324999809265137,0.4079880118370056,6.0
428,2182.330078125,4.02023983001709,316.8349914550781,5.4197001457214355,0.275611013174057,5.0
429,2011.6500244140625,1.085960030555725,261.4079895019531,6.007040023803711,0.18884000182151794,5.0
430,2650.489990234375,8.470439910888672,884.5330200195312,2.4785499572753906,0.5922539830207825,4.0
431,2650.489990234375,8.470439910888672,884.5330200195312,2.4785499572753906,0.5922539830207825,4.0
432,2334.02001953125,6.146240234375,355.4590148925781,4.658430099487305,0.48961400985717773,5.0
433,1876.8699951171875,4.490489959716797,272.2560119628906,6.906099796295166,0.2554689943790436,5.0
434,1876.8699951171875,4.490489959716797,272.2560119628906,6.906099796295166,0.2554689943790436,5.0
435,1876.8699951171875,4.490489959716797,272.2560119628906,6.906099796295166,0.2554689943790436,5.0
436,2141.25,2.088099956512451,286.9159851074219,5.5306501388549805,0.35832199454307556,5.0
437,2095.530029296875,4.729340076446533,308.8489990234375,5.808469772338867,0.2264540046453476,5.0
438,2385.909912109375,6.7163801193237305,430.2099914550781,3.863029956817627,0.41589000821113586,5.0
439,2511.969970703125,7.361340045928955,579.6309814453125,3.0488901138305664,0.6280410289764404,5.0
440,2432.199951171875,7.148739814758301,478.6510009765625,3.399250030517578,0.5230550169944763,5.0
441,2059.75,2.5870800018310547,290.4800109863281,5.404139995574951,0.22981800138950348,5.0
442,2059.75,2.5870800018310547,290.4800109863281,5.404139995574951,0.22981800138950348,5.0
443,2122.090087890625,2.3206799030303955,315.03900146484375,4.725100040435791,0.23998600244522095,5.0
444,1666.9100341796875,4.044919967651367,334.885009765625,7.66717004776001,0.37105000019073486,6.0
445,1666.9100341796875,4.044919967651367,334.885009765625,7.66717004776001,0.37105000019073486,6.0
446,1666.9100341796875,4.044919967651367,334.885009765625,7.66717004776001,0.37105000019073486,6.0
447,1615.219970703125,3.082429885864258,324.5169982910156,6.83873987197876,0.3464680016040802,6.0
448,1592.8900146484375,4.266610145568848,358.3240051269531,7.446879863739014,0.38285499811172485,6.0
449,1592.8900146484375,4.266610145568848,358.3240051269531,7.446879863739014,0.38285499811172485,6.0
450,1592.8900146484375,4.266610145568848,358.3240051269531,7.446879863739014,0.38285499811172485,6.0
451,1484.4100341796875,2.215790033340454,329.3710021972656,7.388830184936523,0.31904399394989014,6.0
452,1442.5899658203125,1.359320044517517,326.0090026855469,7.558129787445068,0.3122299909591675,6.0
453,1500.800048828125,2.2863800525665283,347.5140075683594,7.737400054931641,0.3442789912223816,6.0
454,1273.8800048828125,2.7668099403381348,390.9150085449219,6.96327018737793,0.43914100527763367,6.0
455,1273.8800048828125,2.7668099403381348,390.9150085449219,6.96327018737793,0.43914100527763367,6.0
456,1273.8800048828125,2.7668099403381348,390.9150085449219,6.96327018737793,0.43914100527763367,6.0
457,1275.93994140625,4.923659801483154,421.9219970703125,6.967860221862793,0.5133529901504517,6.0
458,1275.93994140625,4.923659801483154,421.9219970703125,6.967860221862793,0.5133529901504517,6.0
459,1275.93994140625,4.923659801483154,421.9219970703125,6.967860221862793,0.5133529901504517,6.0
460,2827.1298828125,14.167099952697754,980.8590087890625,-0.8496879935264587,0.5042210221290588,4.0
461,2491.6201171875,10.148599624633789,490.1189880371094,2.2238900661468506,0.4759710133075714,5.0
462,2465.52001953125,10.108499526977539,489.24200439453125,2.535979986190796,0.5319610238075256,5.0
463,2465.52001953125,10.108499526977539,489.24200439453125,2.535979986190796,0.5319610238075256,5.0
464,2047.1700439453125,4.7088398933410645,309.5249938964844,5.754449844360352,0.278331995010376,5.0
465,2183.360107421875,7.384059906005859,349.6109924316406,4.503640174865723,0.3308750092983246,5.0
466,1740.760009765625,2.7599000930786133,229.8280029296875,6.574900150299072,0.22202299535274506,5.0
467,1822.3199462890625,5.950809955596924,243.4409942626953,6.608739852905273,0.19921599328517914,5.0
468,2225.5400390625,8.78162956237793,385.12799072265625,4.949490070343018,0.3706569969654083,5.0
469,1716.3299560546875,1.5851399898529053,201.50900268554688,6.360829830169678,0.2215059995651245,5.0
470,1716.3299560546875,1.5851399898529053,201.50900268554688,6.360829830169678,0.2215059995651245,5.0
471,1716.3299560546875,1.5851399898529053,201.50900268554688,6.360829830169678,0.2215059995651245,5.0
472,1994.0899658203125,3.0836799144744873,268.5060119628906,5.9165802001953125,0.20042799413204193,5.0
473,1379.18994140625,1.8521900177001953,363.78399658203125,8.657299995422363,0.33548200130462646,6.0
474,1478.550048828125,1.5897200107574463,390.12298583984375,7.349850177764893,0.41806501150131226,6.0
475,1478.550048828125,1.5897200107574463,390.12298583984375,7.349850177764893,0.41806501150131226,6.0
476,1478.550048828125,1.5897200107574463,390.12298583984375,7.349850177764893,0.41806501150131226,6.0
477,2329.919921875,12.045299530029297,441.7560119628906,4.183129787445068,0.3813120126724243,5.0
478,1738.6400146484375,7.909949779510498,338.9159851074219,6.7776899337768555,0.3380120098590851,5.0
479,1904.52001953125,11.239299774169922,393.57501220703125,6.013740062713623,0.4470280110836029,4.0
480,1904.52001953125,11.239299774169922,393.57501220703125,6.013740062713623,0.4470280110836029,4.0
481,1468.780029296875,8.112210273742676,416.4020080566406,6.7753801345825195,0.5399360060691833,5.0
482,1382.4599609375,6.55994987487793,350.4100036621094,7.243100166320801,0.3497369885444641,6.0
483,1377.18994140625,2.25285005569458,343.5249938964844,7.373610019683838,0.269336998462677,6.0
484,1968.6099853515625,5.2918500900268555,403.0690002441406,7.180049896240234,0.37353798747062683,6.0
485,1968.6099853515625,5.2918500900268555,403.0690002441406,7.180049896240234,0.37353798747062683,6.0
486,1968.6099853515625,5.2918500900268555,403.0690002441406,7.180049896240234,0.37353798747062683,6.0
487,1679.81005859375,1.7011699676513672,390.91900634765625,8.031720161437988,0.4089969992637634,6.0
488,1889.4000244140625,8.913809776306152,536.3519897460938,3.859920024871826,0.6939529776573181,5.0
489,2038.260009765625,2.002959966659546,210.625,3.616909980773926,0.16745099425315857,5.0
490,2038.260009765625,2.002959966659546,210.625,3.616909980773926,0.16745099425315857,5.0
491,2132.5,7.044839859008789,314.8479919433594,5.533939838409424,0.29926401376724243,5.0
492,2132.5,7.044839859008789,314.8479919433594,5.533939838409424,0.29926401376724243,5.0
493,1986.5699462890625,4.573309898376465,261.5090026855469,6.232399940490723,0.21876999735832214,5.0
494,1658.72998046875,1.8467299938201904,324.9330139160156,7.444699764251709,0.2877730131149292,5.0
495,1697.0699462890625,3.361020088195801,328.27398681640625,7.165249824523926,0.31240299344062805,5.0
496,1583.800048828125,2.5635600090026855,387.33599853515625,7.302239894866943,0.3945389986038208,5.0
497,1583.800048828125,2.5635600090026855,387.33599853515625,7.302239894866943,0.3945389986038208,5.0
498,1583.800048828125,2.5635600090026855,387.33599853515625,7.302239894866943,0.3945389986038208,5.0
499,1193.219970703125,2.9035398960113525,378.7539978027344,8.081720352172852,0.33883899450302124,6.0
500,1292.97998046875,2.9380900859832764,439.3500061035156,7.870460033416748,0.3861429989337921,6.0
501,2510.68994140625,20.422300338745117,709.0560302734375,0.7024719715118408,0.5752310156822205,4.0
502,2510.68994140625,20.422300338745117,709.0560302734375,0.7024719715118408,0.5752310156822205,4.0
503,2324.0,19.77790069580078,399.75201416015625,4.629799842834473,0.4072920083999634,4.0
504,2212.139892578125,7.817349910736084,442.3330078125,4.186669826507568,0.4171760082244873,5.0
505,1781.8199462890625,19.166799545288086,448.5780029296875,6.235300064086914,0.31290799379348755,5.0
506,1781.8199462890625,19.166799545288086,448.5780029296875,6.235300064086914,0.31290799379348755,5.0
507,1781.8199462890625,19.166799545288086,448.5780029296875,6.235300064086914,0.31290799379348755,5.0
508,1493.0799560546875,3.811460018157959,276.3210144042969,7.499120235443115,0.2166910022497177,5.0
509,1493.0799560546875,3.811460018157959,276.3210144042969,7.499120235443115,0.2166910022497177,5.0
510,1712.3800048828125,5.391940116882324,280.77099609375,6.500420093536377,0.28303399682044983,5.0
511,1393.469970703125,3.982609987258911,205.0570068359375,7.421649932861328,0.18769800662994385,6.0
512,1561.75,4.469409942626953,369.65301513671875,8.05696964263916,0.37641099095344543,6.0
513,1561.75,4.469409942626953,369.65301513671875,8.05696964263916,0.37641099095344543,6.0
514,1200.3399658203125,6.427919864654541,387.8340148925781,6.973299980163574,0.46571099758148193,5.0
515,1238.4300537109375,6.607190132141113,379.6730041503906,7.5467000007629395,0.37277498841285706,6.0
516,1177.0999755859375,4.481919765472412,357.19500732421875,7.5433502197265625,0.3690809905529022,6.0
517,1177.0999755859375,4.481919765472412,357.19500732421875,7.5433502197265625,0.3690809905529022,6.0
518,1177.0999755859375,4.481919765472412,357.19500732421875,7.5433502197265625,0.3690809905529022,6.0
519,1229.81005859375,5.01338005065918,404.3810119628906,7.690400123596191,0.4085870087146759,6.0
520,2811.510009765625,19.689199447631836,1000.1300048828125,0.614234983921051,0.5502079725265503,4.0
521,2811.510009765625,19.689199447631836,1000.1300048828125,0.614234983921051,0.5502079725265503,4.0
522,2811.510009765625,19.689199447631836,1000.1300048828125,0.614234983921051,0.5502079725265503,4.0
523,2228.610107421875,15.030900001525879,561.0360107421875,1.9427399635314941,0.6917030215263367,4.0
524,2336.800048828125,10.701399803161621,503.9570007324219,1.7383699417114258,0.6825709939002991,5.0
525,2295.39990234375,4.1904401779174805,358.02398681640625,1.4478700160980225,0.3771980106830597,5.0
526,2480.860107421875,8.158289909362793,483.0069885253906,1.262779951095581,0.5555400252342224,5.0
527,2164.800048828125,1.8534899950027466,255.21600341796875,2.135819911956787,0.18942199647426605,5.0
528,2160.300048828125,2.005350112915039,268.37298583984375,2.0953800678253174,0.3875750005245209,5.0
529,2703.300048828125,7.780419826507568,618.0980224609375,0.9136080145835876,0.6091399788856506,4.0
530,2013.989990234375,0.9079110026359558,206.80299377441406,3.8696401119232178,0.28753700852394104,5.0
531,2013.989990234375,0.9079110026359558,206.80299377441406,3.8696401119232178,0.28753700852394104,5.0
532,2013.989990234375,0.9079110026359558,206.80299377441406,3.8696401119232178,0.28753700852394104,5.0
533,2027.3299560546875,0.8958410024642944,207.0540008544922,3.394040107727051,0.2621710002422333,5.0
534,2007.5899658203125,0.8001310229301453,204.96200561523438,5.763740062713623,0.16207000613212585,5.0
535,2007.5899658203125,0.8001310229301453,204.96200561523438,5.763740062713623,0.16207000613212585,5.0
536,2007.5899658203125,0.8001310229301453,204.96200561523438,5.763740062713623,0.16207000613212585,5.0
537,2037.31005859375,1.4891300201416016,254.5330047607422,5.800710201263428,0.17388899624347687,5.0
538,2037.31005859375,1.4891300201416016,254.5330047607422,5.800710201263428,0.17388899624347687,5.0
539,2037.31005859375,1.4891300201416016,254.5330047607422,5.800710201263428,0.17388899624347687,5.0
540,2254.7900390625,8.9404296875,610.8510131835938,2.8187899589538574,0.5225610136985779,4.0
541,2254.7900390625,8.9404296875,610.8510131835938,2.8187899589538574,0.5225610136985779,4.0
542,2423.050048828125,4.774809837341309,859.551025390625,0.8855000138282776,0.5466030240058899,4.0
543,2238.68994140625,9.68140983581543,817.9400024414062,2.100480079650879,0.6525409817695618,4.0
544,2238.68994140625,9.68140983581543,817.9400024414062,2.100480079650879,0.6525409817695618,4.0
545,2238.68994140625,9.68140983581543,817.9400024414062,2.100480079650879,0.6525409817695618,4.0
546,2360.570068359375,9.663209915161133,1121.27001953125,1.3586699962615967,0.6028349995613098,4.0
547,2484.280029296875,7.121809959411621,869.4719848632812,0.47078099846839905,0.6191009879112244,4.0
548,2484.280029296875,7.121809959411621,869.4719848632812,0.47078099846839905,0.6191009879112244,4.0
549,2484.280029296875,7.121809959411621,869.4719848632812,0.47078099846839905,0.6191009879112244,4.0
550,2447.889892578125,2.659749984741211,803.510986328125,0.5750550031661987,0.5883049964904785,5.0
551,2447.889892578125,2.659749984741211,803.510986328125,0.5750550031661987,0.5883049964904785,5.0
552,2447.889892578125,2.659749984741211,803.510986328125,0.5750550031661987,0.5883049964904785,5.0
553,2476.780029296875,13.673800468444824,923.3309936523438,1.2044700384140015,0.6429240107536316,4.0
554,2229.080078125,5.671609878540039,468.3240051269531,4.595170021057129,0.4139389991760254,5.0
555,2688.669921875,6.372429847717285,590.9000244140625,2.034559965133667,0.600176990032196,4.0
556,1423.97998046875,2.227370023727417,238.2969970703125,7.407249927520752,0.16482900083065033,6.0
557,1423.97998046875,2.227370023727417,238.2969970703125,7.407249927520752,0.16482900083065033,6.0
558,1380.719970703125,2.7146100997924805,246.51600646972656,7.457149982452393,0.17118999361991882,5.0
559,1380.719970703125,2.7146100997924805,246.51600646972656,7.457149982452393,0.17118999361991882,5.0
560,1317.93994140625,2.7673299312591553,238.593994140625,7.559790134429932,0.2780660092830658,6.0
561,1317.93994140625,2.7673299312591553,238.593994140625,7.559790134429932,0.2780660092830658,6.0
562,1421.7099609375,4.375510215759277,290.0140075683594,7.404099941253662,0.2121639996767044,5.0
563,1631.56005859375,6.8548197746276855,378.2619934082031,6.826449871063232,0.2981779873371124,5.0
564,1272.4599609375,2.106519937515259,318.1789855957031,7.69242000579834,0.3354089856147766,6.0
565,1272.4599609375,2.106519937515259,318.1789855957031,7.69242000579834,0.3354089856147766,6.0
566,1296.3699951171875,2.502880096435547,315.8810119628906,7.58174991607666,0.3458240032196045,6.0
567,1296.3699951171875,2.502880096435547,315.8810119628906,7.58174991607666,0.3458240032196045,6.0
568,1296.3699951171875,2.502880096435547,315.8810119628906,7.58174991607666,0.3458240032196045,6.0
569,1286.0,2.3024699687957764,331.5780029296875,7.554349899291992,0.3525969982147217,6.0
570,1417.8599853515625,4.096920013427734,434.7900085449219,6.454440116882324,0.4897890090942383,5.0
