ID,SOC,ELEV,Aspect,Slope,TPI,K_Factor,MAP,MAT,NDVI,Slit_Clay,NLCD,FRG,NLCD_DES,FRG_DES
1,15.763,2229.078613,159.1877441,5.671614647,-0.085723579,0.319999993,468.3244934,4.595168591,0.413938969,64.84269714,5,4,Shrubland,Fire Regime Group IV
2,15.883,1889.400146,156.8785553,8.913811684,4.559131622,0.261212111,536.3521729,3.859924316,0.693953156,72.00454712,5,4,Shrubland,Fire Regime Group IV
3,18.142,2423.04834,168.6123505,4.774805069,2.605886698,0.216199994,859.5509033,0.885500014,0.546603322,57.18700027,4,5,Forest,Fire Regime Group V
4,10.745,2484.282715,198.3536224,7.12181139,5.146931171,0.181666672,869.4724121,0.470781118,0.619101346,54.99166489,4,5,Forest,Fire Regime Group V
5,10.479,2396.19458,201.3214874,7.949864388,3.755705833,0.125510201,802.9743042,0.758826554,0.584472179,51.22857285,4,5,Forest,Fire Regime Group V
6,16.987,2360.572998,208.9731598,9.663214684,6.502155781,0.268222213,1121.274414,1.358666658,0.602835298,45.02000046,4,5,Forest,Fire Regime Group V
7,24.954,2254.79126,254.6745758,8.940429688,-9.383187294,0.184315786,610.8505859,2.818789482,0.522561133,50.29578781,4,4,Forest,Fire Regime Group IV
8,6.288,2496.393555,189.5273132,12.58294964,6.333540916,0.203888893,1109.410767,0.382888913,0.463773489,52.41333389,5,5,Shrubland,Fire Regime Group V
9,21.455,2238.686768,234.4831238,9.681410789,1.090584517,0.319784939,817.9403076,2.100483894,0.652540863,49.15914154,4,4,Forest,Fire Regime Group IV
10,21.644,2228.609863,152.1792755,15.03087044,-6.786052704,0.058526315,561.0355225,1.942736864,0.691702962,44.12210464,4,4,Forest,Fire Regime Group IV
11,11.388,2705.79834,180.032547,12.37123299,-8.579723358,0.085858583,692.1619873,1.334242463,0.627925336,48.46565628,4,5,Forest,Fire Regime Group V
12,15.595,2336.803711,171.2348938,10.7013855,1.5493716,0.074421056,503.957428,1.738368392,0.682571113,44.2915802,5,4,Shrubland,Fire Regime Group IV
13,9.908,2572.343506,164.385498,18.61675262,-6.635668755,0.05979592,741.8276978,0.858724594,0.535275221,46.16632843,4,5,Forest,Fire Regime Group V
14,11.227,2688.66748,161.9505615,6.372433662,3.948275328,0.313333333,590.8999023,2.034555674,0.600176811,53.65333176,4,4,Forest,Fire Regime Group IV
15,3.021,2295.395996,146.3471375,4.190437317,1.689725041,0.329574466,358.0244141,1.447872281,0.377197832,57.88085175,5,4,Shrubland,Fire Regime Group IV
16,3.703,2038.263916,136.6690674,2.002961397,-1.04654038,0.280000001,210.6248474,3.61690712,0.167451352,39.5,5,4,Shrubland,Fire Regime Group IV
17,7.114,2495.733887,204.7928925,20.31998825,-7.61093235,0.103030302,651.2592163,1.137828231,0.543211997,48.24848557,5,4,Shrubland,Fire Regime Group IV
18,19.092,2510.685303,206.6175079,20.4222908,-1.068132162,0.053296704,709.0564575,0.702472448,0.575231373,44.78900909,4,5,Forest,Fire Regime Group V
19,12.979,2833.99292,172.6423187,10.04180717,7.786950111,0.353333324,903.6231079,-0.309166729,0.575506747,47.11562347,4,5,Forest,Fire Regime Group V
20,7.356,2324.498535,193.7973175,4.586577415,0.183320314,0.205913976,367.2137451,1.448172092,0.529181242,44.97742081,7,3,Planted/Cultivated,Fire Regime Group III
21,3.02,2164.801025,169.6902008,1.853492141,1.027396679,0.319999993,255.2162933,2.135816336,0.18942222,39.55918503,5,4,Shrubland,Fire Regime Group IV
22,2.916,2160.29541,164.054184,2.005353212,0.817533553,0.346538454,268.3733826,2.095384598,0.387574971,42.73846054,5,3,Shrubland,Fire Regime Group III
23,7.726,2491.624023,162.3721313,10.14859009,4.494569302,0.319999993,490.1190491,2.223888874,0.475971401,56.04444504,5,4,Shrubland,Fire Regime Group IV
24,14.242,2324,181.2133179,19.7778759,-0.180625707,0.100000001,399.7516479,4.629796028,0.407292426,57.79999924,4,3,Forest,Fire Regime Group III
25,3.796,2210.158936,148.8073883,1.718361616,0.760057747,0.281199992,286.1734924,1.888749957,0.232445523,34.36299896,5,4,Shrubland,Fire Regime Group IV
26,2.24,2027.330566,150.2780914,0.895840585,0.215404332,0.291382968,207.0542603,3.394042492,0.262170672,37.18510818,5,4,Shrubland,Fire Regime Group IV
27,1.277,2013.985962,170.3077698,0.907911181,-0.152127594,0.283333331,206.8027039,3.869635344,0.287537485,33.55833435,5,4,Shrubland,Fire Regime Group IV
28,4.472,2588.740723,189.2020569,12.98538017,-0.577454388,0.322020203,474.6119385,1.951212049,0.45543623,55.21414185,5,4,Shrubland,Fire Regime Group IV
29,2.996,1781.821411,148.3408051,19.16675568,-16.92754936,0.153535351,448.5776978,6.235302925,0.312907815,47.99697113,5,4,Shrubland,Fire Regime Group IV
30,10.319,2703.303955,203.4859924,7.780416489,-0.572238982,0.109278351,618.0983887,0.913608253,0.609139681,37.08762741,4,5,Forest,Fire Regime Group V
31,10.661,2212.135254,120.4855576,7.817354679,-4.664190292,0.25555557,442.33255,4.186666489,0.417176396,56.71313095,5,4,Shrubland,Fire Regime Group IV
32,4.516,1493.075439,152.6212311,3.811462641,-3.102950335,0.267628878,276.321167,7.499123573,0.216691256,54.98968887,5,4,Shrubland,Fire Regime Group IV
33,6.439,2183.276123,166.1653137,12.33284473,-0.071401514,0.308181822,342.6489868,6.836363792,0.360457808,45.64545441,5,3,Shrubland,Fire Regime Group III
34,0.843,1464.812744,196.0595856,8.877799988,6.580115795,0.177399993,336.1734924,15.53285027,0.198272943,56.60400009,5,3,Shrubland,Fire Regime Group III
35,1.823,2214.098633,163.0617371,13.57865334,11.70857334,0.2560606,532.1873779,8.687878609,0.536328733,57.11212158,4,1,Forest,Fire Regime Group I
36,4.034,1712.37793,147.977066,5.391941071,-0.04758827,0.319999993,280.7713928,6.500416756,0.283034265,50.33124924,5,4,Shrubland,Fire Regime Group IV
37,3.568,1591.180908,170.9076385,2.513181925,-3.156573296,0.103600003,424.9837952,14.27880001,0.243449926,59.17399979,6,2,Herbaceous,Fire Regime Group II
38,2.821,1998.159546,195.905014,6.415997028,1.308194518,0.308800012,378.4473877,8.879599571,0.39424783,51.97600174,4,3,Forest,Fire Regime Group III
39,3.314,2064.717285,170.5182037,3.310839176,1.727306128,0.225050509,296.3489075,9.537120819,0.204391703,31.75050545,5,4,Shrubland,Fire Regime Group IV
40,5.803,2329.92041,143.4665985,12.04533386,-5.340531826,0.165959597,441.7564697,4.183131218,0.381312042,57.16868591,5,4,Shrubland,Fire Regime Group IV
41,2.76,1433.602295,161.364212,3.650353193,1.624865651,0.410430104,243.6156311,11.24327946,0.407229751,70.71720123,7,4,Planted/Cultivated,Fire Regime Group IV
42,1.646,2050.006592,157.2931213,3.656596661,-2.007000685,0.117399998,258.5541077,10.17354965,0.169441774,48.33300018,6,4,Herbaceous,Fire Regime Group IV
43,21.076,2708.747314,174.7616882,9.773986816,4.33534956,0.05102041,694.0617065,1.227806091,0.552689612,57.0387764,4,5,Forest,Fire Regime Group V
44,7.718,2161.998535,171.2611542,4.294888973,-2.39220047,0.286000013,314.7709045,8.849949837,0.224708736,49.50099945,5,3,Shrubland,Fire Regime Group III
45,1.12,1344.675903,218.0596466,2.738885403,-1.248059154,0.254500002,309.4490051,15.60424995,0.148967952,58.54700089,5,2,Shrubland,Fire Regime Group II
46,10.535,2591.19043,179.9153748,8.415553093,10.1651659,0.200000003,562.7242432,6.147424221,0.681865573,48.12121201,4,3,Forest,Fire Regime Group III
47,1.255,2074.0271,196.8018341,4.689906597,0.712371588,0.224399999,315.9717102,9.503649712,0.210036114,42.36299896,5,3,Shrubland,Fire Regime Group III
48,8.791,2465.521973,136.4089966,10.10852718,8.48152256,0.106701031,489.2418823,2.535979271,0.531961083,58.14123535,5,4,Shrubland,Fire Regime Group IV
49,5.528,2044.137939,184.1747131,20.80967331,-5.606907368,0.184949502,407.2964783,8.467778206,0.499950737,37.20201874,4,3,Forest,Fire Regime Group III
50,0.851,1346.618408,222.6036835,3.588724375,-3.713231564,0.334545463,347.0461731,15.20838356,0.211629048,60.34646606,5,2,Shrubland,Fire Regime Group II
51,5.995,2404.112061,183.5729065,6.680479527,7.765618324,0.059,568.7745972,6.890749931,0.643415809,53.73600006,4,1,Forest,Fire Regime Group I
52,3.782,2328.449463,219.6880188,10.4627409,0.551476836,0.116666667,508.8981934,7.075252533,0.573623061,53.33737564,4,1,Forest,Fire Regime Group I
53,2.045,1393.467529,129.1558228,3.98260808,-1.577130675,0.368499994,205.0567932,7.421649933,0.187697977,55.72200012,6,133,Herbaceous,Indeterminate FRG
54,6.084,2465.521973,136.4089966,10.10852718,8.48152256,0.106701031,489.2418823,2.535979271,0.531961083,58.14123535,5,4,Shrubland,Fire Regime Group IV
55,4.594,2261.781982,222.3785248,4.874323368,-1.440948248,0.248600006,410.5007935,8.162199974,0.370553285,40.66199875,4,1,Forest,Fire Regime Group I
56,6.209,1595.71936,152.4858093,10.18558025,2.876229525,0.146500006,416.1225891,13.6864996,0.273865074,58.40299988,5,3,Shrubland,Fire Regime Group III
57,4.874,2328.449463,219.6880188,10.4627409,0.551476836,0.116666667,508.8981934,7.075252533,0.573623061,53.33737564,4,1,Forest,Fire Regime Group I
58,2.768,2152.38623,181.4364471,2.870889425,-1.302934051,0.214141414,357.8802185,9.070858955,0.242126673,38.5242424,5,5,Shrubland,Fire Regime Group V
59,7.178,2516.748535,134.4689484,10.73656845,-1.275186419,0.222299993,408.4400024,6.76364994,0.510894775,43.8409996,4,3,Forest,Fire Regime Group III
61,3.935,1885.532471,162.3366089,5.747872353,-2.369385004,0.296000004,348.4638062,7.571400166,0.261449665,58.3390007,5,3,Shrubland,Fire Regime Group III
62,2.759,1516.199951,175.9503479,11.0110321,-5.132051945,0.309583336,393.2549438,14.01098919,0.286339402,59.58124924,5,1,Shrubland,Fire Regime Group I
63,2.735,2206.979736,178.2186584,3.553725243,2.003159761,0.223199993,369.5882874,8.630700111,0.267089158,38.79600143,5,3,Shrubland,Fire Regime Group III
64,3.158,2219.239502,158.2238007,4.45761013,1.430229306,0.214639172,349.313324,9.17283535,0.320662975,45.60721588,4,3,Forest,Fire Regime Group III
65,1.841,1656.320801,181.4736481,3.64962554,1.588556767,0.319999993,292.7969971,6.751989841,0.239042446,51.17856979,5,4,Shrubland,Fire Regime Group IV
66,1.35,2126.736328,195.376709,7.414909363,5.320160389,0.168181822,343.5110168,9.272828102,0.228937775,50.4515152,5,3,Shrubland,Fire Regime Group III
67,11.22,2281.424561,173.1285248,7.745949745,-3.282370329,0.284747481,391.4978027,8.533787727,0.353026539,46.83737564,4,1,Forest,Fire Regime Group I
68,0.494,1827.527466,173.5813141,6.71753931,3.899929762,0.274599999,412.2922058,12.69849968,0.309301466,51.83800125,5,1,Shrubland,Fire Regime Group I
69,4.411,2416.589844,198.8836212,7.329057217,-5.708789825,0.110399999,569.8181152,6.133250237,0.592612624,55.65000153,4,3,Forest,Fire Regime Group III
70,3.812,2264.544434,195.4767151,5.903158665,0.807529151,0.111699998,530.1417236,7.012300014,0.543129623,53.38199997,4,3,Forest,Fire Regime Group III
71,8.818,2581.483887,149.9677124,6.358552933,2.762585163,0.193100005,679.1391602,6.358550072,0.70171386,54.02199936,4,3,Forest,Fire Regime Group III
72,1.517,1423.984863,137.5001831,2.227372169,-0.737386227,0.367500007,238.2972717,7.407249928,0.164828882,56.89199829,6,133,Herbaceous,Indeterminate FRG
73,2.727,1371.911377,145.764801,3.551978111,2.740324259,0.268585861,308.5267639,15.46373749,0.179363534,48.55151367,5,2,Shrubland,Fire Regime Group II
74,2.229,2214.620361,186.2245026,2.433579683,-0.242468074,0.363499999,326.1304932,8.651399612,0.218748927,47.48500061,6,3,Herbaceous,Fire Regime Group III
75,3.393,2357.302246,173.9526672,8.016197205,-3.36669755,0.361699998,415.5840149,8.799050331,0.341147661,52.75299835,4,1,Forest,Fire Regime Group I
77,7.596,2514.776367,165.202774,6.598981857,2.944533825,0.235499993,530.7138062,7.413799763,0.537420094,54.59199905,4,1,Forest,Fire Regime Group I
78,6.015,2326.657471,209.8714294,5.38265419,-2.480853081,0.083999999,533.9396362,6.784500122,0.540173471,57.32110977,4,3,Forest,Fire Regime Group III
79,0.736,1649.893311,134.4573059,9.399725914,-2.540087223,0.319120884,298.2607727,10.26538467,0.278514802,53.09450531,5,4,Shrubland,Fire Regime Group IV
80,11.22,2812.127197,215.2891083,9.349423409,6.653428078,0.228686869,720.0631104,4.074494839,0.685492694,58.40404129,4,3,Forest,Fire Regime Group III
81,2.899,1402.242188,129.1394653,2.977363825,-0.118843317,0.359285712,255.9397888,7.395102024,0.202723444,48.88877487,5,4,Shrubland,Fire Regime Group IV
82,3.842,2334.665771,151.7753296,7.092346191,2.031699896,0.166299999,432.6304016,9.594650269,0.283077896,48.37400055,4,1,Forest,Fire Regime Group I
83,1.35,1460.342163,147.9896545,1.217208862,-1.528746724,0.29429999,308.4070129,15.25654984,0.162046626,54.50500107,5,2,Shrubland,Fire Regime Group II
84,4.909,2047.170776,161.066452,4.708840847,4.639798164,0.327499986,309.5248108,5.754449844,0.278331727,43.45600128,5,4,Shrubland,Fire Regime Group IV
85,30.473,3124.866211,191.0362244,16.74751282,-9.535725594,0.064400002,777.4370728,2.569800138,0.737809896,22.5359993,4,3,Forest,Fire Regime Group III
86,1.619,2317.490723,193.8055573,2.635037899,-1.433990479,0.2491,368.2008057,8.189599991,0.283793569,38.42100143,5,1,Shrubland,Fire Regime Group I
87,1.333,2192.513428,174.4923096,8.080985069,-0.421570003,0.1391,442.993988,9.092949867,0.351706296,47.33000183,4,1,Forest,Fire Regime Group I
88,14.276,2689.234619,139.3439178,8.749390602,3.737038851,0.190808088,657.0748901,4.985505104,0.722422421,54.7202034,4,3,Forest,Fire Regime Group III
89,3.777,2230.669434,165.3377075,10.46758366,4.158124924,0.153030306,339.2373962,8.614343643,0.256948441,53.27575684,5,3,Shrubland,Fire Regime Group III
90,0.949,1864.31189,183.6767578,2.968067169,0.071131162,0.251599997,233.6766968,10.2986002,0.142433494,44.76200104,5,5,Shrubland,Fire Regime Group V
91,0.633,1317.94043,164.436676,2.767332792,-0.977792084,0.370000005,238.5936432,7.559787273,0.278066337,50.73617172,6,4,Herbaceous,Fire Regime Group IV
92,1.698,2183.356689,179.5124359,7.38406229,9.142570496,0.25616163,349.6112366,4.50363636,0.330874592,45.82727432,5,4,Shrubland,Fire Regime Group IV
93,0.605,2007.589966,182.7425385,0.800130606,-2.111673117,0.352929294,204.9618225,5.763737202,0.162069917,57.86060715,5,133,Shrubland,Indeterminate FRG
94,6.509,1552.659912,187.8292847,2.377149105,-0.46563673,0.303333342,340.8447266,14.35317707,0.191320196,54.36875153,5,2,Shrubland,Fire Regime Group II
95,0.355,1822.323975,187.5120087,5.950813293,-3.61685586,0.277272731,243.4412079,6.608737469,0.199216351,39.84848404,5,4,Shrubland,Fire Regime Group IV
96,1.49,1740.75647,186.9107056,2.759902477,0.172324717,0.370000005,229.827774,6.57490015,0.222023144,48.6230011,5,4,Shrubland,Fire Regime Group IV
97,2.644,2535.108643,187.871521,14.18239307,-0.152598023,0.255199999,597.7911987,4.647999763,0.755763054,53.12400055,4,3,Forest,Fire Regime Group III
98,1.293,1970.157715,202.8996277,2.354853392,-0.108235329,0.340909094,247.37323,9.662676811,0.153097853,43.82020187,5,4,Shrubland,Fire Regime Group IV
99,18.391,2739.768799,178.4092255,18.00257874,6.832597256,0.064130433,783.6572876,4.328260899,0.746697128,9.161956787,4,3,Forest,Fire Regime Group III
100,2.181,1416.958984,183.943161,1.181077719,-1.248529196,0.322121203,297.5934448,15.13479805,0.163638309,55.55353546,5,2,Shrubland,Fire Regime Group II
101,16.201,2268.374756,190.4789276,16.51601791,6.371850491,0.200000003,572.3169556,5.624141216,0.69854629,47.18181992,4,3,Forest,Fire Regime Group III
102,1.764,1421.714355,175.2415009,4.375505924,-2.117395163,0.370000005,290.0140076,7.404099941,0.212163776,56.20000076,5,4,Shrubland,Fire Regime Group IV
103,20.061,2822.235596,202.8672485,18.41862297,10.79698753,0.074242428,800.0718384,4.049090862,0.683171093,27.61919212,4,3,Forest,Fire Regime Group III
104,2.459,2058.539063,173.8257294,2.982291222,-0.188502803,0.101717174,262.9281006,9.232777596,0.187527359,46.03434372,5,4,Shrubland,Fire Regime Group IV
105,3.122,1868.475098,158.3917389,7.247843742,3.911759853,0.050000001,313.3208618,9.934511185,0.235080302,57.87608719,5,4,Shrubland,Fire Regime Group IV
106,0.8,1716.329956,178.5216522,1.585144639,-0.390785903,0.33145833,201.5090637,6.360833168,0.221505895,32.27500153,5,4,Shrubland,Fire Regime Group IV
107,6.098,2149.489258,183.0352936,1.183782816,-2.364760876,0.273000002,342.4104919,9.112000465,0.204098836,44.98300171,6,5,Herbaceous,Fire Regime Group V
108,4.803,2313.449463,207.3528748,7.856686592,4.450091362,0.238399997,330.9511108,8.68599987,0.355491102,53.18700027,4,3,Forest,Fire Regime Group III
109,7.03,2358.116211,190.4120941,12.25690556,-1.982068658,0.280000001,560.2338867,5.859796047,0.630654573,60.20510101,4,3,Forest,Fire Regime Group III
110,1.9,2825.111084,175.8430786,18.98168182,-0.916062236,0.156391755,613.697937,4.709226608,0.684525967,60.46598053,4,3,Forest,Fire Regime Group III
111,1.649,2218.294678,152.3511047,5.902544498,2.411052465,0.227200001,386.9603882,9.169249535,0.257729024,41.84700012,6,3,Herbaceous,Fire Regime Group III
112,2.743,2225.543945,136.9868011,8.781626701,3.657598495,0.25939393,385.1282043,4.949494839,0.370657444,46.65151596,5,4,Shrubland,Fire Regime Group IV
113,5.198,2237.860352,177.1649628,8.30507946,1.993912816,0.141000003,360.1545105,9.559949875,0.285888344,49.16799927,4,3,Forest,Fire Regime Group III
114,6.361,2295.626953,139.2188721,7.495732307,7.068157673,0.310600013,403.0335999,7.641550064,0.443558514,55.47700119,5,3,Shrubland,Fire Regime Group III
115,1.712,1326.586792,156.4176178,1.306407094,-0.622881234,0.292653054,266.620636,15.7054081,0.177858874,48.47550964,5,2,Shrubland,Fire Regime Group II
116,6.19,2182.328613,195.2650909,4.020243645,-2.2479949,0.32249999,316.8352051,5.419700146,0.275611252,50.3769989,5,4,Shrubland,Fire Regime Group IV
117,10.993,3618.02417,165.9919128,26.10416222,16.70625687,0.05468085,1128.114502,-0.591063797,0.454393744,23.5861702,6,5,Herbaceous,Fire Regime Group V
118,0.645,1994.089966,185.084671,3.083681345,-1.454293966,0.279795915,268.5062561,5.916581631,0.200428322,35.15612411,5,4,Shrubland,Fire Regime Group IV
119,5.215,2117.37915,182.5796814,6.171863556,-0.725036025,0.273900002,441.9544067,5.56430006,0.423254371,51.31399918,5,4,Shrubland,Fire Regime Group IV
120,5.38,1925.557373,200.5905762,8.501875877,-1.927777171,0.314479172,378.7742004,8.509479523,0.439929545,53.68333435,5,3,Shrubland,Fire Regime Group III
121,0.5,2037.308472,172.5756378,1.489132643,-0.924403012,0.291734695,254.5331421,5.800714493,0.173888609,43.67551041,5,4,Shrubland,Fire Regime Group IV
122,2.649,1601.399292,149.6914215,4.326188564,0.408950478,0.148900002,372.3293152,14.3199501,0.211360663,54.06900024,5,2,Shrubland,Fire Regime Group II
123,21.125,2777.413574,190.1287842,19.34244156,-14.92387867,0.173299998,615.8423462,4.868100166,0.727437496,56.6269989,4,3,Forest,Fire Regime Group III
124,7.109,2219.553467,172.9072113,14.14468575,-1.828350544,0.224489793,541.7634888,5.760000229,0.620759666,51.63877487,4,3,Forest,Fire Regime Group III
125,9.345,2782.046387,149.7957611,11.6151619,-6.018841743,0.280000001,814.0435791,3.691950083,0.781474531,62.86199951,4,4,Forest,Fire Regime Group IV
126,4.83,1574.089111,149.7092896,6.087800026,2.635663509,0.200816333,308.5285034,14.64173508,0.205071822,52.29795837,5,3,Shrubland,Fire Regime Group III
127,3.02,2089.066162,157.7224121,4.34867239,-3.37101078,0.163636357,274.9546509,8.673484802,0.213993266,59.40100861,5,4,Shrubland,Fire Regime Group IV
128,11.615,1631.555298,192.4636383,6.854818344,1.969016433,0.3389,378.262207,6.826449871,0.298177838,61.61800003,5,4,Shrubland,Fire Regime Group IV
129,9.151,2702.168457,190.7331848,13.88063431,2.608840227,0.253061235,750.4204102,3.368469477,0.770299137,52.58469391,4,3,Forest,Fire Regime Group III
130,6.33,2202.125488,173.2072601,14.28665352,-0.710112453,0.214845359,595.0286865,5.510618687,0.656873167,48.70927811,4,3,Forest,Fire Regime Group III
131,1.46,2043.558228,149.3292084,3.754749537,-1.085454226,0.312886596,262.7051086,5.880412579,0.17308946,47.21752548,5,4,Shrubland,Fire Regime Group IV
132,3.539,1655.756348,129.142868,5.790001869,-0.161515966,0.209081635,284.2162476,13.67749977,0.189074486,38.15816498,5,3,Shrubland,Fire Regime Group III
133,2.425,1943.213257,120.0071259,6.388082027,-1.420102596,0.224199995,335.3102112,11.35785007,0.211839944,37.51399994,5,3,Shrubland,Fire Regime Group III
134,0.446,1986.571533,175.594574,4.573308945,1.805906773,0.260937512,261.5091248,6.232395649,0.218770355,33.08124924,5,4,Shrubland,Fire Regime Group IV
135,0.804,2182.89624,184.8511505,4.939738274,0.718660295,0.374242425,434.3638611,6.98838377,0.393253922,62.56262589,5,3,Shrubland,Fire Regime Group III
136,3.915,1981.618164,128.3871918,7.504547119,-3.81141758,0.199699998,290.1477356,10.02245045,0.229580045,48.24000168,5,4,Shrubland,Fire Regime Group IV
137,1.13,1986.571533,175.594574,4.573308945,1.805906773,0.260937512,261.5091248,6.232395649,0.218770355,33.08124924,5,4,Shrubland,Fire Regime Group IV
138,1.88,1815.290649,147.8298645,1.53985405,-2.754224062,0.231399998,298.6250916,12.26544952,0.19049935,42.06200027,5,3,Shrubland,Fire Regime Group III
139,1.36,3013.671631,162.6206818,17.72244072,5.115865231,0.232653067,942.8474121,1.672295809,0.655029655,57.43265152,4,3,Forest,Fire Regime Group III
140,18.591,2850.060791,200.0896149,8.261178017,-2.061517715,0.250312507,684.7493896,-0.143489569,0.587387025,43.19583511,4,4,Forest,Fire Regime Group IV
141,2.884,1919.78064,184.1659851,4.518331051,2.663834095,0.344399989,262.3741455,10.56659985,0.165527865,46.29199982,5,3,Shrubland,Fire Regime Group III
142,15.641,2675.311279,201.8581543,12.5693531,7.400763035,0.166199997,827.4679565,2.798550129,0.733742595,52.29800034,4,3,Forest,Fire Regime Group III
143,19.099,2571.253174,193.9253998,8.694936752,-1.287878752,0.239999995,302.295105,4.001049995,0.313479304,53,5,3,Shrubland,Fire Regime Group III
144,1.025,1952.297852,190.859375,6.310817719,0.216951326,0.198181823,261.4597473,10.73681831,0.192817181,47.49494934,5,3,Shrubland,Fire Regime Group III
145,5.721,1737.200439,128.8382416,6.698054314,-2.912328005,0.147448987,292.833374,12.90479565,0.20281823,46.57244873,5,3,Shrubland,Fire Regime Group III
146,8.974,2650.486816,149.4073486,8.470442772,6.007653236,0.167600006,884.5328979,2.478549957,0.592254341,40.08399963,4,3,Forest,Fire Regime Group III
147,10.653,2166.292969,172.8740692,7.256433487,3.084399462,0.201562494,576.1013184,4.703802109,0.670416653,56.54479218,5,3,Shrubland,Fire Regime Group III
148,0.64,1594.094604,250.3361969,1.376445532,-0.888983905,0.206300005,290.6307068,14.03594971,0.189780757,35.99200058,5,133,Shrubland,Indeterminate FRG
149,3.974,1738.640869,118.9809952,7.909953594,-2.735330343,0.146129027,338.9155579,6.777688026,0.33801192,60.28709793,5,2,Shrubland,Fire Regime Group II
150,17.884,3232.158203,208.1791077,14.80366325,10.26024818,0.080315791,867.3407593,1.205052495,0.588652313,49.36000061,4,4,Forest,Fire Regime Group IV
151,16.019,2992.823486,200.2796021,15.15106678,-1.631630182,0.2116092,674.2595215,1.579425335,0.684369624,47.46091843,4,3,Forest,Fire Regime Group III
152,8.328,1200.339111,173.7955475,6.427920341,1.111960292,0.333636373,387.8337708,6.973295689,0.465711236,58.46250153,5,2,Shrubland,Fire Regime Group II
153,0.244,1876.869263,165.7689514,4.490485668,-1.034842253,0.2955814,272.2558594,6.906104565,0.255469292,44.28604507,5,4,Shrubland,Fire Regime Group IV
154,21.591,2517.141602,223.1869812,8.61106205,-11.63264465,0.280000001,631.3380737,5.304545403,0.674517334,60.90605927,4,3,Forest,Fire Regime Group III
155,13.758,1468.783936,151.8065186,8.112212181,-1.1322335,0.320549458,416.4020691,6.775384426,0.539935708,51.20549393,5,2,Shrubland,Fire Regime Group II
156,3.152,2723.777344,183.1520081,10.93907642,0.18465285,0.25141415,513.7905273,3.335808039,0.515593827,54.87575912,5,3,Shrubland,Fire Regime Group III
157,2.771,2285.150635,187.0106659,9.571628571,9.453812599,0.241400003,473.7323914,7.92414999,0.519464135,59.29399872,4,3,Forest,Fire Regime Group III
158,5.499,1745.197266,130.12117,7.798649788,-2.141284227,0.248041242,351.87323,6.955515385,0.379721195,60.10618591,5,1,Shrubland,Fire Regime Group I
159,18.277,2705.762939,187.1365509,9.070051193,-0.050651606,0.24191919,704.5940552,5.487373829,0.6759516,60.18888855,4,3,Forest,Fire Regime Group III
160,3.667,2584.609131,159.8394928,8.528406143,0.812943816,0.2465,310.8280029,3.544950008,0.274277657,53.06499863,5,3,Shrubland,Fire Regime Group III
161,4.953,2517.478027,110.2962875,7.052065372,-1.5664891,0.252371132,538.8876343,7.384536266,0.5326702,53.0917511,4,3,Forest,Fire Regime Group III
162,3.134,2141.247314,187.7428436,2.088098049,-0.132986262,0.284399986,286.915802,5.530650139,0.358321786,42.77899933,5,4,Shrubland,Fire Regime Group IV
163,1.408,2334.02417,143.3280945,6.146241188,-1.456227064,0.259325832,355.4590149,4.658426762,0.489613891,45.60674286,5,4,Shrubland,Fire Regime Group IV
164,27.984,3123.391602,182.2649078,16.79275513,9.318076134,0.055,835.6693726,1.883749962,0.64628154,49.36999893,4,3,Forest,Fire Regime Group III
165,5.063,2423.28833,201.0705719,10.51017284,7.013783932,0.193877548,556.4901123,7.557193756,0.575008512,50.56020355,4,3,Forest,Fire Regime Group III
166,1.152,1677.491211,147.4213104,3.478643179,-0.505429685,0.183440864,287.5580444,12.51526928,0.183924556,23.11612892,5,3,Shrubland,Fire Regime Group III
167,2.379,2095.52832,198.2782898,4.729340076,-4.757287502,0.318775505,308.8486023,5.808469296,0.226454243,50.3571434,5,4,Shrubland,Fire Regime Group IV
168,6.268,2639.685059,173.9003601,4.695431232,-7.371222973,0.302989691,311.7318726,3.483041286,0.411060423,53.62989807,5,3,Shrubland,Fire Regime Group III
169,1.071,1433.825073,255.8335266,4.24418354,-3.743143559,0.149787232,314.1949463,16.30372429,0.201729313,37.85425568,5,3,Shrubland,Fire Regime Group III
170,1.015,1658.733765,172.1125336,1.846734643,-0.382503182,0.312222213,324.9333496,7.444696903,0.287773132,44.81111145,5,4,Shrubland,Fire Regime Group IV
171,1.016,1409.631836,250.1024017,1.717004657,-4.20728302,0.291333348,293.8746643,15.98961067,0.191852242,50.84999847,5,133,Shrubland,Indeterminate FRG
172,8.454,2513.318359,177.2636719,8.072370529,-0.646274805,0.268936157,618.8540649,4.92973423,0.603295386,68.36276245,5,3,Shrubland,Fire Regime Group III
173,3.692,2983.2229,154.0806885,10.71210957,6.129731178,0.059500001,452.7119141,2.797250032,0.555657208,49.81999969,4,3,Forest,Fire Regime Group III
174,6.641,2554.352051,202.8256378,16.27211571,1.179812312,0.152727276,433.7974854,3.88045454,0.563999057,48.31818008,4,3,Forest,Fire Regime Group III
175,6.123,1382.457153,180.3018494,6.559945107,2.988004684,0.319999993,350.4103088,7.243100166,0.34973678,55.82400131,6,2,Herbaceous,Fire Regime Group II
176,9.51,2511.972412,223.6387939,7.361341953,3.295280933,0.232121214,579.6307983,3.048888922,0.628041446,39.87070847,5,4,Shrubland,Fire Regime Group IV
177,10.076,2497.380615,137.1214905,6.794489861,-2.168010473,0.222395837,463.7182617,3.173333406,0.559301913,41.18021011,5,4,Shrubland,Fire Regime Group IV
178,10.076,2432.19873,164.0707245,7.148744106,4.533101559,0.255806446,478.6510925,3.399247408,0.523055255,42.42687988,5,4,Shrubland,Fire Regime Group IV
179,2.827,2515.32251,153.5209503,3.884375572,-0.679579198,0.283043474,399.2139893,2.81141305,0.546037257,47.36413193,5,4,Shrubland,Fire Regime Group IV
180,12.488,2630.966553,180.6536255,8.861189842,-7.379246235,0.251134008,460.0041504,2.945515394,0.534856617,55.78144455,5,3,Shrubland,Fire Regime Group III
181,16.527,2990.375,156.9180145,14.31359577,0.447707355,0.128191486,637.1654663,2.433563709,0.610815167,51.97553253,4,3,Forest,Fire Regime Group III
182,4.904,1697.071045,177.8260803,3.361020565,0.118783087,0.303000003,328.2735901,7.165249825,0.312403351,51.20000076,5,2,Shrubland,Fire Regime Group II
183,18.814,1238.434082,167.1174011,6.607188225,1.621078014,0.319999993,379.6729126,7.546700954,0.372774959,60.7350502,6,2,Herbaceous,Fire Regime Group II
184,13.431,3376.358154,212.8997192,14.39017105,3.393611908,0.150769234,580.6061401,-0.213022023,0.535711646,36.94065857,4,4,Forest,Fire Regime Group IV
185,14.541,2602.433594,138.4364777,11.38863754,-11.65337181,0.180638298,394.6705017,3.166808605,0.558181643,53.31702042,4,3,Forest,Fire Regime Group III
186,4.555,3471.049316,182.2118225,24.94082069,-26.70865059,0.19237113,548.7642822,-0.342474163,0.506736457,38.92061996,4,4,Forest,Fire Regime Group IV
187,4.518,1369.875366,146.4677734,2.563859224,0.916525066,0.319999993,342.4179382,7.394052505,0.28529188,50.52000046,6,2,Herbaceous,Fire Regime Group II
188,23.058,3376.141846,224.0729828,13.68394852,-3.088920832,0.13673684,590.5670166,-0.103999995,0.503067672,35.84000015,4,3,Forest,Fire Regime Group III
189,6.929,1333.421021,153.2598724,4.988440514,-0.244534954,0.319999993,341.8210449,7.219438553,0.267098218,54.54489899,6,2,Herbaceous,Fire Regime Group II
190,12.02,2692.366699,137.2445831,7.891315937,-0.885177553,0.157604173,451.7411804,4.263020992,0.383159369,55.21458435,6,3,Herbaceous,Fire Regime Group III
191,11.049,1229.811035,174.0249329,5.013376713,-0.120323949,0.319999993,404.3808899,7.690400124,0.408586591,56.6780014,6,2,Herbaceous,Fire Regime Group II
192,5.862,1177.102783,164.1828766,4.48192215,-0.838198006,0.319999993,357.1945801,7.543350697,0.36908105,52.4082489,6,2,Herbaceous,Fire Regime Group II
193,3.595,2122.087646,159.6574707,2.320676804,-2.363741159,0.319999993,315.0387878,4.72510004,0.239986286,50.12200165,5,4,Shrubland,Fire Regime Group IV
194,7.6,2769.29248,159.84552,10.34941864,0.839664221,0.265816331,563.0407104,3.852040768,0.612713993,59.17040634,4,3,Forest,Fire Regime Group III
195,4.461,2567.928223,188.8429413,9.768165588,-1.758072615,0.234148934,364.1670837,2.979361773,0.546269119,52.11276627,5,3,Shrubland,Fire Regime Group III
196,3.983,2044.476807,179.1732635,2.18674159,0.069358401,0.314999998,279.2951355,5.688374996,0.247328982,49.87125015,5,4,Shrubland,Fire Regime Group IV
197,13.743,2542.358154,127.6657028,7.906446457,-2.639933348,0.105499998,415.0083923,3.188750029,0.430725813,42.00699997,5,4,Shrubland,Fire Regime Group IV
198,9.451,1691.30188,141.2353058,3.970698118,1.7775805,0.312526315,352.90625,7.466421127,0.361688375,40.10315704,6,2,Herbaceous,Fire Regime Group II
199,6.208,2883.170654,168.516098,10.40058804,-7.501317024,0.112736844,620.5540161,1.134789467,0.64923799,43.69157791,4,4,Forest,Fire Regime Group IV
200,7.096,2320.813965,158.4576721,0.805040777,0.130296752,0.132439017,195.2479248,5.281036377,0.656734526,31.97682953,7,3,Planted/Cultivated,Fire Regime Group III
201,0.485,1244.975098,122.6138992,1.038609505,-0.974408686,0.371938765,272.4752197,16.67785645,0.188993141,57.18061066,5,2,Shrubland,Fire Regime Group II
202,4.931,3109.554443,125.6383438,4.272080421,-2.898399591,0.154090911,476.6496887,1.403068185,0.466559857,43.66136551,4,3,Forest,Fire Regime Group III
203,6.903,1612.13147,166.9982758,4.018300533,-1.560878634,0.31468749,378.9467163,6.872031212,0.386230111,51.90625,6,2,Herbaceous,Fire Regime Group II
204,2.328,2439.060547,153.8435516,3.570212603,-2.728082418,0.12565656,244.2666168,5.51282835,0.259133458,54.03131485,6,3,Herbaceous,Fire Regime Group III
205,2.47,2439.060547,153.8435516,3.570212603,-2.728082418,0.12565656,244.2666168,5.51282835,0.259133458,54.03131485,6,3,Herbaceous,Fire Regime Group III
206,5.49,2389.770752,159.2276764,13.87090683,3.66655302,0.200000003,611.7106934,3.173333406,0.610834897,43.08787918,4,4,Forest,Fire Regime Group IV
207,5.084,2196.479004,186.6446838,2.656195879,0.750767171,0.303838372,342.2437439,3.922222137,0.268204004,41.77373886,5,4,Shrubland,Fire Regime Group IV
208,5.27,2586.283447,180.8572235,9.481746674,-5.368662834,0.304939747,373.6382751,2.761506081,0.560985625,55.82048035,4,3,Forest,Fire Regime Group III
209,3.154,2308.693359,157.5060425,0.858109653,0.133174926,0.117204301,194.2818298,5.362741947,0.430465549,27.97849464,7,5,Planted/Cultivated,Fire Regime Group V
210,5.026,2753.620605,213.5100403,8.964640617,4.086308956,0.156976745,547.1951294,2.230174541,0.575975776,40.33372116,4,4,Forest,Fire Regime Group IV
211,9.334,3095.490479,135.7722015,6.458922386,-3.668979645,0.149318188,492.2296753,1.536761284,0.477124035,44.11249924,6,3,Herbaceous,Fire Regime Group III
212,5.051,2620.716064,207.3394012,5.428175449,-10.73035431,0.141428575,329.9515076,4.919489861,0.386822402,53.7857132,6,3,Herbaceous,Fire Regime Group III
213,0.73,2307.724121,144.2120056,0.789641201,0.082290597,0.11302083,193.9132233,5.408176899,0.554732025,27.10833359,7,5,Planted/Cultivated,Fire Regime Group V
214,4.594,1666.913086,175.9057312,4.044919968,-2.485476017,0.309565216,334.8848572,7.667173862,0.371050358,44.95760727,6,2,Herbaceous,Fire Regime Group II
215,1.596,1713.269531,232.394577,1.759581923,-0.715028822,0.367127657,366.8890076,13.1595211,0.223067954,63.53404236,5,2,Shrubland,Fire Regime Group II
216,4.313,2100.995605,163.7433014,4.437342644,0.28825599,0.299600005,426.3725891,10.02569962,0.343740642,46.68799973,4,1,Forest,Fire Regime Group I
217,3.489,1615.220093,158.1968842,3.082427502,0.041204676,0.319999993,324.5169678,6.838737488,0.34646821,35.00909042,6,2,Herbaceous,Fire Regime Group II
218,3.537,2316.311035,163.4505463,1.806293011,0.250900894,0.235744685,288.1150513,6.525266171,0.210098475,59.97446823,5,4,Shrubland,Fire Regime Group IV
219,3.923,2851.55542,178.3982391,6.72978878,-3.784188271,0.112499997,367.3504944,3.102950096,0.367307693,52.19400024,6,3,Herbaceous,Fire Regime Group III
220,4.778,1328.481079,167.1167145,4.21553421,-1.488706708,0.319999993,393.6943054,7.343949795,0.392979741,54.37099838,6,2,Herbaceous,Fire Regime Group II
221,4.01,2178.81665,204.0095673,1.209943533,-0.955271423,0.319999993,327.1208801,5.019322872,0.330301374,36.74062347,5,4,Shrubland,Fire Regime Group IV
222,2.653,2168.414307,162.8177185,1.331408381,0.359174877,0.319999993,342.463501,5.00161314,0.304574579,50.61505508,5,4,Shrubland,Fire Regime Group IV
223,1.948,2670.14917,229.5141144,10.0300169,-7.813169479,0.13606061,418.0486755,4.019999981,0.332219809,36.62727356,4,3,Forest,Fire Regime Group III
224,13.593,2620.145508,211.1571808,15.33995819,0.358457029,0.184631586,465.0046692,5.905789375,0.474360138,50.66315842,4,3,Forest,Fire Regime Group III
225,8.902,2649.172119,86.8945694,4.951545715,-12.696311,0.137472525,398.2686768,5.28879118,0.603311419,42.68461609,6,3,Herbaceous,Fire Regime Group III
226,16.93,1228.085571,168.116272,3.771915197,1.417310834,0.319999993,409.4318848,7.427899837,0.40025413,50.81900024,6,2,Herbaceous,Fire Regime Group II
227,12.025,2445.922852,180.309082,13.99063969,2.466632366,0.126804128,443.0847778,5.601391792,0.550486207,39.3453598,4,3,Forest,Fire Regime Group III
228,8.473,3000.170898,151.7994843,16.74374008,-13.91132736,0.200000003,780.6134033,4.410850048,0.712200522,58.24000168,4,3,Forest,Fire Regime Group III
229,12.728,2421.298584,143.8677521,10.66180611,-0.109172806,0.194845363,432.7948914,5.075412273,0.546826541,36.7319603,4,3,Forest,Fire Regime Group III
230,15.303,2424.136719,163.2103271,16.10126495,8.214042664,0.077040814,537.1774902,5.879693985,0.608397901,35.26020432,4,3,Forest,Fire Regime Group III
231,6.5,1485.535034,141.2633972,1.624822617,-0.57865268,0.319999993,324.578186,6.978449821,0.321799695,47.97999954,5,2,Shrubland,Fire Regime Group II
232,6.423,1484.407959,173.6422882,2.215788126,-0.965521514,0.319999993,329.37146,7.38882637,0.319043934,40.32551193,6,2,Herbaceous,Fire Regime Group II
233,5.313,1592.893188,171.8947296,4.266611576,-0.588361681,0.286249995,358.3238831,7.446875095,0.38285476,62.92499924,6,2,Herbaceous,Fire Regime Group II
234,6.189,1094.049561,180.8042755,3.288715839,-1.973678946,0.325729162,371.9525452,7.324999809,0.407987505,56.57187653,6,2,Herbaceous,Fire Regime Group II
235,7.046,1355.114136,179.7253265,3.319686174,-0.177604824,0.320499986,401.0140076,7.188849926,0.413841873,39.68199921,6,2,Herbaceous,Fire Regime Group II
236,11.187,2302.736572,165.3928375,13.64405155,0.56259501,0.074000001,547.1380005,6.064050198,0.637389004,39.26800156,4,3,Forest,Fire Regime Group III
237,3.678,3000.69873,212.1326752,13.41716194,-9.479537964,0.20536083,522.2666016,3.880515575,0.564237475,42.30412292,4,3,Forest,Fire Regime Group III
238,2.884,1810.943481,146.4248962,4.520423412,0.462189853,0.1162,423.6756897,10.81235027,0.319540769,40.87200165,6,2,Herbaceous,Fire Regime Group II
239,5.478,1402.677612,172.5931396,3.598258257,-0.354563445,0.329090923,385.1542664,7.049494743,0.347912341,41.98484802,6,2,Herbaceous,Fire Regime Group II
240,4.986,2847.404053,152.990509,8.503745079,-2.512422323,0.235454544,636.9000244,4.347171783,0.619874477,60.51616287,4,3,Forest,Fire Regime Group III
241,3.57,1421.152466,167.3039856,3.184599161,1.83081007,0.317600012,327.8369141,7.421599865,0.27122131,49.50500107,6,2,Herbaceous,Fire Regime Group II
242,2.352,1442.587524,177.0787201,1.359321237,-1.067505479,0.319999993,326.0086975,7.558131218,0.31223017,44.98686981,6,2,Herbaceous,Fire Regime Group II
243,3.141,1561.74939,138.082428,4.469407558,-2.700242758,0.149090916,369.6527405,8.056969643,0.376411051,31.43030357,6,2,Herbaceous,Fire Regime Group II
244,10.72,2040.524536,164.9373627,3.964875698,2.730322599,0.411818177,414.3068848,7.064040184,0.38162604,56.4272728,6,2,Herbaceous,Fire Regime Group II
245,4.084,1958.537598,178.6333466,6.340496063,-2.214991808,0.279687494,457.10672,9.814739227,0.388280451,55.63958359,6,2,Herbaceous,Fire Regime Group II
246,5.009,1561.74939,138.082428,4.469407558,-2.700242758,0.149090916,369.6527405,8.056969643,0.376411051,31.43030357,6,2,Herbaceous,Fire Regime Group II
247,3.65,1716.546875,146.1100311,3.556485891,0.136934936,0.316000015,381.3569031,12.27114964,0.263083577,48.58599854,6,2,Herbaceous,Fire Regime Group II
248,7.533,1200.702393,139.1226959,4.208724022,-2.617657423,0.344000012,270.4324341,15.97299957,0.192295283,71.40100098,5,2,Shrubland,Fire Regime Group II
249,16.652,3111.41333,177.3755035,14.61153984,9.017038345,0.050000001,663.0267944,2.272525787,0.665456593,34.3567009,4,3,Forest,Fire Regime Group III
250,13.893,2639.735107,147.7448578,16.56748772,2.786206484,0.225600004,562.0303955,6.503600121,0.624212742,34.52000046,4,3,Forest,Fire Regime Group III
251,6.378,2559.194824,144.1416473,12.31284332,-4.225131989,0.161300004,515.5795288,6.815050125,0.477781266,44.05199814,4,3,Forest,Fire Regime Group III
252,4.392,1500.801392,194.6690521,2.286377907,-0.164715573,0.216999993,347.5136108,7.737400055,0.344278902,34.29100037,6,2,Herbaceous,Fire Regime Group II
253,23.19,2684.262939,179.6882172,7.831615448,4.521270752,0.150000006,629.9919434,4.578089714,0.585367084,35.70449448,4,3,Forest,Fire Regime Group III
254,2.784,1650.663574,154.1109619,1.834835291,1.888849616,0.247157902,383.4631958,8.469158173,0.36465326,47.06210709,7,2,Planted/Cultivated,Fire Regime Group II
255,3.344,2380.919434,164.5847473,13.94995117,7.874351025,0.138541669,494.0101318,7.936979294,0.550926089,41.60208511,4,3,Forest,Fire Regime Group III
256,13.007,1273.883667,164.0845184,2.766810417,-0.993068397,0.292551011,390.9147034,6.963265419,0.439140618,61.21530533,6,2,Herbaceous,Fire Regime Group II
257,6.088,1983.726807,153.1221924,2.43729043,-1.229195356,0.35374999,465.3496399,9.48197937,0.339027196,62.73749924,6,2,Herbaceous,Fire Regime Group II
258,1.309,1689.933838,106.511261,2.962572098,-0.2783176,0.247999996,469.2550049,10.05500031,0.471262991,52.13999939,6,2,Herbaceous,Fire Regime Group II
259,11.275,1507.090576,133.7655182,1.302446842,-0.771870553,0.199761897,341.9396057,9.67047596,0.513231218,41.94404602,7,2,Planted/Cultivated,Fire Regime Group II
260,6.363,1583.80188,175.7629089,2.563564777,-0.750747621,0.203749999,387.335968,7.302239418,0.39453873,28.81562424,5,2,Shrubland,Fire Regime Group II
261,6.536,2049.090088,194.4580078,4.397823334,-0.971242547,0.145652175,494.8096619,8.273913383,0.444519132,35.13478088,6,2,Herbaceous,Fire Regime Group II
262,11.589,1810.279907,129.5137329,3.796578884,-0.53571564,0.292282611,421.2796631,10.06978226,0.365856677,70.33261108,6,2,Herbaceous,Fire Regime Group II
263,4.726,1275.943726,158.1450653,4.923660278,0.366739839,0.308750004,421.9217224,6.967864513,0.513353467,50.41249847,6,2,Herbaceous,Fire Regime Group II
264,8.221,2224.419189,177.7469635,3.94675231,2.015228271,0.100000001,532.8913574,6.996881485,0.492245644,41.20000076,6,2,Herbaceous,Fire Regime Group II
265,10.276,1623.31604,135.0096741,11.54418755,2.181707382,0.180999994,468.5472107,14.78425026,0.358706594,44.55400085,4,1,Forest,Fire Regime Group I
266,3.211,1817.157104,167.5313873,2.111491919,-0.232886121,0.336145848,417.0122375,10.67557335,0.309722155,70.7427063,6,2,Herbaceous,Fire Regime Group II
267,3.459,1917.902954,156.1463623,2.958293438,1.976331949,0.171666667,493.2025452,8.974277496,0.427538186,32.16888809,6,2,Herbaceous,Fire Regime Group II
268,3.039,1272.464844,156.5003357,2.106517553,-0.08539217,0.311111122,318.1789856,7.692424297,0.335409015,40.85555649,6,2,Herbaceous,Fire Regime Group II
269,0.471,1258.049316,153.6365662,2.606235743,-0.008294349,0.208299994,346.7789001,14.74125004,0.210498661,61.86600113,5,2,Shrubland,Fire Regime Group II
270,3.243,1460.323975,141.5979004,1.885673523,-0.991123676,0.298000008,357.4660034,13.89599991,0.254650742,31.86199951,6,2,Herbaceous,Fire Regime Group II
271,3.564,2111.05127,190.1258698,10.00109196,0.816635013,0.130104169,469.2470093,9.081458092,0.552064896,48.70104218,4,3,Forest,Fire Regime Group III
272,6.309,1379.185181,135.9044342,1.852187276,-0.365182996,0.32069999,363.7835999,8.657299995,0.335481733,31.89999962,6,2,Herbaceous,Fire Regime Group II
273,7.746,1841.826294,137.8275757,1.273437381,-0.699582577,0.430000007,404.4323425,9.717311859,0.340306938,72.85161591,6,2,Herbaceous,Fire Regime Group II
274,4.701,1296.372681,149.4848633,2.502877712,0.89289403,0.319999993,315.8807983,7.581749916,0.345824152,42,6,2,Herbaceous,Fire Regime Group II
275,3.105,1285.998901,163.3352203,2.302468061,0.342358887,0.319999993,331.5783997,7.554349899,0.352596849,42,6,2,Herbaceous,Fire Regime Group II
276,6.384,2105.484619,148.6639557,1.603163719,1.489296794,0.119999997,500.9042664,7.5748353,0.384697109,33.97362518,6,2,Herbaceous,Fire Regime Group II
277,5.6,1417.859497,190.2633057,4.096918583,1.401656866,0.306262612,434.789917,6.454444408,0.489788592,57.88586044,5,4,Shrubland,Fire Regime Group IV
278,4.717,1822.165527,156.6574097,2.714053154,1.245930195,0.280947357,470.237854,9.39621067,0.396961272,51.07263184,6,2,Herbaceous,Fire Regime Group II
279,13.351,1414.151978,178.4107513,1.183509231,-0.204956129,0.186000004,344.8928833,9.516750336,0.560792089,38.35874939,7,2,Planted/Cultivated,Fire Regime Group II
280,0.998,1393.135132,139.5230713,1.394305468,0.489281863,0.277200013,364.8742065,14.08380032,0.265142441,25.94499969,6,2,Herbaceous,Fire Regime Group II
281,1.395,1489.389526,161.7070007,2.323575497,-0.07373742,0.262600005,348.8674927,7.70664978,0.362545192,45.49599838,6,2,Herbaceous,Fire Regime Group II
282,2.304,1551.125854,128.0744476,1.301409125,0.268337369,0.300416678,384.4014893,9.79838562,0.331707418,59.16458511,7,2,Planted/Cultivated,Fire Regime Group II
283,5.378,1635.208984,133.7167816,1.514538884,-0.303478569,0.19494845,365.1742554,8.4301548,0.380571246,45.8639183,6,2,Herbaceous,Fire Regime Group II
284,2.23,1758.679443,170.4739227,1.79806757,-0.810913026,0.26867348,439.7218628,9.526071548,0.348820806,49.21734619,6,2,Herbaceous,Fire Regime Group II
285,3.329,1193.221069,151.823822,2.903541327,1.731895685,0.300606072,378.7536316,8.081717491,0.338838518,44.4272728,6,2,Herbaceous,Fire Regime Group II
286,4.517,1457.200317,167.3928833,1.479925156,0.491366297,0.136631578,345.0541687,9.325631142,0.393404335,20.90736771,6,2,Herbaceous,Fire Regime Group II
287,2.126,1679.814697,133.3787994,1.701169372,0.329807252,0.227395833,390.91922,8.031719208,0.408997059,46.52500153,6,2,Herbaceous,Fire Regime Group II
288,6.817,1304.060425,169.0549011,1.923714161,-0.027059987,0.372783512,360.4321899,8.812783241,0.43072331,48.2319603,6,2,Herbaceous,Fire Regime Group II
289,7.292,1292.975708,167.9779663,2.938093662,0.749709904,0.348850578,439.3497009,7.870459557,0.386142641,72.22758484,6,2,Herbaceous,Fire Regime Group II
290,0.001,1088.212891,178.5187225,1.230456471,0.420256495,0.328099996,364.4317017,15.31494999,0.235435963,49.8030014,5,2,Shrubland,Fire Regime Group II
291,0.528,1414.187988,164.5146027,1.438867331,0.391737998,0.102727272,350.6599121,9.513586044,0.366635084,9.253535271,6,2,Herbaceous,Fire Regime Group II
292,2.397,1909.595825,169.6696625,2.274754047,-0.103741415,0.202812493,454.6656799,8.367135048,0.40374741,50.43125153,6,2,Herbaceous,Fire Regime Group II
293,1.139,1340.006348,177.5037994,2.023608208,-0.13866137,0.24818182,386.6948547,14.2928791,0.278436005,29.34545517,6,2,Herbaceous,Fire Regime Group II
294,3.047,1414.678345,161.1263123,2.880153179,2.521886587,0.32190001,401.1567993,13.77439976,0.266099393,44.5,6,2,Herbaceous,Fire Regime Group II
295,16.147,1715.686646,151.1986542,1.637153149,0.858479381,0.337741941,352.6427612,11.0504837,0.274126977,68.12365723,6,2,Herbaceous,Fire Regime Group II
296,1.082,1157.901733,168.2654419,1.315730929,0.674815953,0.285400003,372.1715088,15.00599957,0.247802868,38.44200134,5,2,Shrubland,Fire Regime Group II
297,6.979,1354.376587,149.9687805,1.576267362,-0.708830059,0.257628858,389.4861145,8.795876503,0.384414405,33.20721817,6,2,Herbaceous,Fire Regime Group II
298,2.738,1478.554321,131.4870605,1.589724779,0.246944323,0.180303037,390.1231384,7.34984827,0.41806531,23.17979813,6,2,Herbaceous,Fire Regime Group II
299,1.11,1432.050415,172.2220917,2.085021734,0.780691028,0.228387102,283.2594299,11.16994667,0.246242076,47.03333282,6,2,Herbaceous,Fire Regime Group II
300,1.049,1728.271118,157.6222534,1.225230575,0.867286742,0.198979586,377.2028809,9.337244987,0.307262123,33.1622467,6,2,Herbaceous,Fire Regime Group II
301,4.624,1370.270752,162.5812225,1.177685976,-0.600742936,0.278787881,290.2046509,11.56323242,0.269405723,67.48787689,6,2,Herbaceous,Fire Regime Group II
302,4.974,1442.376221,133.8195496,2.074910402,0.268126607,0.299042553,415.7359009,8.59010601,0.405050755,37.92021179,6,2,Herbaceous,Fire Regime Group II
303,3.445,1583.133789,144.0437012,1.594504714,-0.798921406,0.277083337,383.3316956,8.243385315,0.422314763,41.32395935,6,2,Herbaceous,Fire Regime Group II
304,5.699,1928.312378,122.3739777,2.369042397,-0.320112914,0.170000002,425.2857361,8.127263069,0.378745168,31.89999962,6,2,Herbaceous,Fire Regime Group II
305,1.303,1013.55426,177.8643646,1.695938587,0.038233001,0.230631575,344.0316467,16.74279022,0.229102552,34.29263306,5,2,Shrubland,Fire Regime Group II
306,3.067,1708.984131,135.8224487,2.598118782,1.046590924,0.284948468,414.9546814,9.060824394,0.383566409,53.00618744,6,2,Herbaceous,Fire Regime Group II
307,2.359,1423.714844,159.5315399,1.236762762,0.02485165,0.241999999,327.0856934,11.66825008,0.26537481,49.43500137,6,2,Herbaceous,Fire Regime Group II
308,3.094,1447.438965,171.2640076,1.926331758,2.159744978,0.311666667,424.6923218,13.609375,0.272656977,55.52604294,6,2,Herbaceous,Fire Regime Group II
309,4.971,1732.86731,139.9875336,1.862757087,-0.788864672,0.349999994,409.6495972,10.78065014,0.2944161,66.23999786,6,2,Herbaceous,Fire Regime Group II
310,1.665,1400.323975,138.1534424,1.27710557,0.35671407,0.229183674,295.1208496,11.29918385,0.256471664,44.14387894,6,2,Herbaceous,Fire Regime Group II
311,9.1,1682.100464,167.9397278,1.977341056,0.96739012,0.305806458,409.3686829,9.131343842,0.383195162,58.71505356,6,2,Herbaceous,Fire Regime Group II
312,7.841,1969.414063,150.2059021,7.411496639,5.321649551,0.28061223,447.8937073,9.472295761,0.486938447,44.95510101,4,3,Forest,Fire Regime Group III
313,1.085,1280.345215,209.7858276,1.434912205,-0.250103027,0.200000003,393.7590942,14.63624954,0.271942288,28.74900055,6,2,Herbaceous,Fire Regime Group II
314,0.408,1298.654541,208.2095642,1.716193557,-0.02701824,0.200000003,393.8974915,14.73075008,0.275360823,39.19800186,6,2,Herbaceous,Fire Regime Group II
315,2.295,1331.444092,170.2262115,1.872875452,-0.133461028,0.235656559,401.3128357,14.26611137,0.285669565,42.25050354,6,2,Herbaceous,Fire Regime Group II
316,0.677,1063.505127,164.7299347,1.025621295,0.251985759,0.168571427,342.2649231,16.87428665,0.270067871,12.74591827,5,2,Shrubland,Fire Regime Group II
317,1.174,1313.987915,197.0122223,1.252177596,1.17921257,0.1734,414.9378967,13.59955025,0.301019162,18.98500061,6,2,Herbaceous,Fire Regime Group II
318,0.606,1125.764282,172.140686,1.311453462,0.977267027,0.170000002,361.6979065,16.19720078,0.280647784,13.82199955,5,2,Shrubland,Fire Regime Group II
319,2.977,1287.726563,157.3687744,1.562330842,-0.056979012,0.243599996,421.2914124,14.22039986,0.299431115,41.02999878,6,2,Herbaceous,Fire Regime Group II
320,1.941,1237.188232,148.8030701,1.232816577,0.185090125,0.340652168,421.817688,14.32374954,0.317048192,57.80652237,5,2,Shrubland,Fire Regime Group II
321,2.203,1341.309082,147.6950989,0.906366825,-0.606334746,0.129032254,380.9888916,9.710268974,0.395435303,14.99354839,6,2,Herbaceous,Fire Regime Group II
322,3.435,1303.09436,134.3344727,1.282466412,-0.360342771,0.166951224,384.1799622,9.675183296,0.510189116,30.64878082,7,2,Planted/Cultivated,Fire Regime Group II
323,3.075,1499.300171,178.339386,1.419889331,1.048844576,0.323684216,340.256897,10.28852654,0.264569998,61.38420868,6,2,Herbaceous,Fire Regime Group II
324,5.16,1217.92688,151.8880463,1.328278422,0.278070927,0.193571433,390.21521,15.45525551,0.279750466,46.90714264,6,2,Herbaceous,Fire Regime Group II
325,2.21,1128.665894,151.4407806,1.434005022,0.520512283,0.170000002,368.8092957,15.94797993,0.272296101,18.32222176,5,2,Shrubland,Fire Regime Group II
326,1.095,1309.369141,155.4514923,0.835930109,-0.048712332,0.153061226,414.9022522,14.35811234,0.329325885,20.37040901,6,2,Herbaceous,Fire Regime Group II
327,1.509,1319.244751,150.5649414,0.931369781,0.100783296,0.179898992,417.7973938,14.28616142,0.337417811,29.72424316,6,2,Herbaceous,Fire Regime Group II
328,0.93,1035.592041,117.2919388,1.058097124,0.558457077,0.170000002,308.8327942,16.67824936,0.262355685,17.39800072,5,2,Shrubland,Fire Regime Group II
329,0.805,1185.43103,170.1819458,2.303528547,0.770214379,0.235744685,424.5327148,14.30595779,0.280245245,40.2457428,5,2,Shrubland,Fire Regime Group II
330,1.897,1292.610718,155.2926483,1.031368613,-0.756898463,0.3011702,325.1278381,11.62382984,0.25971505,66.92446899,6,2,Herbaceous,Fire Regime Group II
331,3.113,1604.231445,161.5352173,2.493979216,-1.169954419,0.219090909,421.5275879,11.19510078,0.335642278,47.5737381,6,2,Herbaceous,Fire Regime Group II
332,2.519,1395.630371,160.1567841,1.122055769,1.045879006,0.307755113,455.7088013,13.59239769,0.318917453,58.14081573,6,2,Herbaceous,Fire Regime Group II
333,11.156,1487.530029,142.8335114,1.162791014,-0.355940074,0.326875001,416.3153687,9.305937767,0.34585166,75.85624695,7,2,Planted/Cultivated,Fire Regime Group II
334,4.861,1188.688477,150.4340057,1.050541401,0.059854481,0.276938766,419.7037048,15.04729557,0.330886126,53.94897842,6,2,Herbaceous,Fire Regime Group II
335,1.43,1334.156616,165.5557098,1.916359663,0.706298351,0.183799997,428.8611145,13.13409996,0.312738389,33.69800186,6,2,Herbaceous,Fire Regime Group II
336,4.492,1620.743896,130.3647003,3.420188904,-0.832008243,0.291818172,405.1872864,10.59787846,0.338653505,62.89495087,6,2,Herbaceous,Fire Regime Group II
337,0.152,1306.727661,190.9215546,1.493518829,-0.457343131,0.153263152,425.2972107,9.521315575,0.395361334,17.69052696,6,2,Herbaceous,Fire Regime Group II
338,1.102,1175.755737,185.3959808,2.327094793,-0.123296194,0.27448979,432.5515442,14.16244888,0.282815695,45.97653198,5,2,Shrubland,Fire Regime Group II
339,1.872,1419.348389,152.5202026,1.347284079,1.259749174,0.115714289,387.8643188,10.10857105,0.361546248,22.49183655,5,2,Shrubland,Fire Regime Group II
340,2.545,1261.498779,162.6478882,0.981586695,0.214424163,0.172244892,452.6441956,13.99341869,0.452881664,20.45102119,7,2,Planted/Cultivated,Fire Regime Group II
341,5.055,1330.67749,141.2685547,2.543166399,0.513849139,0.280824751,459.6533203,13.60809231,0.329684615,51.59896851,6,2,Herbaceous,Fire Regime Group II
342,1.286,1417.696777,154.6199036,1.022344232,0.177129149,0.276288658,404.8471375,12.24731922,0.40715158,49.59278488,7,2,Planted/Cultivated,Fire Regime Group II
343,3.852,1429.502563,137.6963959,1.066038489,0.424683928,0.265100002,425.8609009,9.520999908,0.388191253,55.60699844,7,2,Planted/Cultivated,Fire Regime Group II
344,4.011,1306.727661,190.9215546,1.493518829,-0.457343131,0.153263152,425.2972107,9.521315575,0.395361334,17.69052696,6,2,Herbaceous,Fire Regime Group II
345,2.586,1469.530151,137.918396,1.437999845,-0.378015518,0.293636352,420.5798035,11.81823254,0.351200938,51.304039,6,2,Herbaceous,Fire Regime Group II
346,6.147,1212.831909,146.5111389,1.34484899,-0.101372443,0.205957443,441.9216614,9.456276894,0.525343359,44.52978897,6,2,Herbaceous,Fire Regime Group II
347,3.48,1331.058105,160.0780792,1.530678153,-0.367511362,0.167171717,432.2693176,9.820252419,0.4193905,13.47474766,6,2,Herbaceous,Fire Regime Group II
348,1.611,1353.516724,155.409317,0.948349535,-0.382461548,0.251276582,392.3927307,10.35505295,0.360603064,53.40851212,5,2,Shrubland,Fire Regime Group II
349,3.446,1338.124756,136.8322906,1.147000909,0.029894719,0.114583336,389.1080627,10.64317703,0.369917333,23.91875076,6,2,Herbaceous,Fire Regime Group II
350,2.983,1404.97644,152.2593536,1.608724833,-0.150114059,0.345789462,421.3150024,11.79389477,0.305332929,77.64631653,6,2,Herbaceous,Fire Regime Group II
351,6.448,1387.389648,129.8982086,1.462466955,-0.821195483,0.314226806,454.7703552,10.11128902,0.420667917,48.76700974,7,2,Planted/Cultivated,Fire Regime Group II
352,12.132,1326.947266,157.9876709,1.106243253,-0.170281753,0.209090903,443.7326355,10.07313156,0.433712691,27.15757561,6,2,Herbaceous,Fire Regime Group II
353,0.708,1271.579468,142.7165985,1.199087143,0.269901872,0.154210523,441.647522,10.13994694,0.464441001,10.70105267,6,2,Herbaceous,Fire Regime Group II
354,1.542,1251.51123,156.3656311,0.936136723,0.050602026,0.108571425,386.8246155,11.09724522,0.394683599,19.63469315,6,2,Herbaceous,Fire Regime Group II
355,4.086,1367.865479,133.326416,1.343380928,0.306645364,0.319782615,431.5834656,12.03663063,0.322731376,65.43151855,6,2,Herbaceous,Fire Regime Group II
356,4.974,1190.883179,160.6103363,1.299599767,0.94482094,0.338823527,383.401001,11.48664665,0.355982542,77.05294037,6,2,Herbaceous,Fire Regime Group II
357,6.753,1277.841431,145.3148041,1.787986517,-0.656636477,0.226701036,450.1335449,10.40144348,0.498598099,43.56700897,7,2,Planted/Cultivated,Fire Regime Group II
358,4.569,1317.916504,146.4872437,1.854966521,0.250002652,0.370000005,417.8522339,11.94062519,0.334431887,68.08333588,6,2,Herbaceous,Fire Regime Group II
359,8.05,1184.781738,143.0796967,1.468144894,0.317078203,0.370000005,395.2409973,11.91399956,0.305360764,82.30000305,6,2,Herbaceous,Fire Regime Group II
360,4.977,1164.256958,147.4121857,0.867829382,-0.073475003,0.319999993,465.0525513,9.915103912,0.398264199,63.29999924,7,2,Planted/Cultivated,Fire Regime Group II
361,9.614,1161.650269,121.1834183,1.093007207,-0.136191636,0.286666662,464.6925354,9.946093559,0.477525473,52.59999847,7,2,Planted/Cultivated,Fire Regime Group II
362,6.129,1221.068848,115.2586517,0.967039883,0.123931609,0.276041657,440.76474,12.14036465,0.376434654,56.22603989,7,2,Planted/Cultivated,Fire Regime Group II
363,2.18,1178.60022,145.5123901,2.825965643,-0.237747535,0.261530608,462.9976807,10.38045883,0.41517055,55.82959366,6,2,Herbaceous,Fire Regime Group II
364,4.592,1134.016479,123.4939117,0.930659294,-0.379633427,0.295957446,465.6961365,10.00196838,0.573912621,54.87659454,7,2,Planted/Cultivated,Fire Regime Group II
365,3.595,1218.513062,130.7285919,0.817521036,-0.171226025,0.323571414,408.6112366,10.9561739,0.32496354,81.18571472,7,2,Planted/Cultivated,Fire Regime Group II
366,2.839,1174.906982,143.3110352,0.899481833,0.164111122,0.306199998,434.5755005,12.24925041,0.430893213,62.57300186,7,2,Planted/Cultivated,Fire Regime Group II
367,6.334,1215.990112,143.5032654,1.484816074,-0.268597543,0.291958749,434.061676,10.63515472,0.442204922,69.74330139,6,2,Herbaceous,Fire Regime Group II
368,3.071,1119.703491,151.5814362,1.170495033,0.191262066,0.319999993,481.4195251,10.61850548,0.450192213,87.80515289,7,2,Planted/Cultivated,Fire Regime Group II
369,1.015,1056.04895,162.6939697,2.283162832,-1.324104786,0.248837203,470.2427063,10.75354671,0.431147814,53.79185867,6,2,Herbaceous,Fire Regime Group II
370,1.03,1038.993896,166.9897766,1.311900854,0.042221736,0.365959585,435.4337463,12.3293438,0.378094524,75.56464386,7,2,Planted/Cultivated,Fire Regime Group II
371,4.126,1030.052979,110.139595,0.781253636,-0.36982429,0.319999993,437.1463013,12.59348965,0.326292247,75.5,7,2,Planted/Cultivated,Fire Regime Group II
372,7.183,1086.937012,130.6230621,0.883993447,0.533352792,0.329263151,476.9575195,11.3362627,0.446605504,87.1631546,7,2,Planted/Cultivated,Fire Regime Group II
373,2.349,973.7722778,142.8783417,0.875295162,-0.05919341,0.310000002,440.8913879,12.79317665,0.415682524,73.31666565,7,2,Planted/Cultivated,Fire Regime Group II
374,15.74,1030.479126,144.9110565,1.911791921,-0.559373856,0.354020625,514.5505371,10.6839695,0.419105828,87.71546173,7,2,Planted/Cultivated,Fire Regime Group II
375,3.9,953.5596313,159.1018372,1.476952553,0.265975893,0.366020411,487.9603271,11.39086723,0.376978844,80.568367,6,2,Herbaceous,Fire Regime Group II
376,4.23,935.8794556,144.8565674,0.898064971,0.323040247,0.294020623,458.2818909,12.82118511,0.581132531,67.02783203,7,2,Planted/Cultivated,Fire Regime Group II
377,10.54,1008.366211,151.8770599,1.070653319,0.105118684,0.319999993,511.6803284,10.77232361,0.42191124,88.42424011,7,2,Planted/Cultivated,Fire Regime Group II
378,7.438,909.0388184,156.3795624,0.998335063,0.686552107,0.126938775,477.9623718,12.18918324,0.66921109,14.82857132,7,2,Planted/Cultivated,Fire Regime Group II
379,4.563,925.0328369,148.4635468,1.983184457,-0.414242476,0.319999993,497.4021912,11.64566994,0.419812948,75.19174957,7,2,Planted/Cultivated,Fire Regime Group II
380,2.541,900.635437,144.4664612,1.016467214,-0.394654453,0.200918362,481.3300171,13.12892818,0.522922873,26.95918274,7,2,Planted/Cultivated,Fire Regime Group II
381,11.578,982.3356323,138.9476929,0.942098022,0.11240714,0.319999993,516.0366821,10.73239326,0.530194163,88.42021179,7,2,Planted/Cultivated,Fire Regime Group II
382,5.46,924.6051025,163.1055145,1.178359032,0.237723008,0.313478261,471.3896484,12.59853268,0.484200716,73.26087189,7,2,Planted/Cultivated,Fire Regime Group II
383,6.826,910.8092651,133.8178253,0.928151429,-0.153364569,0.319999993,523.2950439,11.06595993,0.565285206,88.5,7,2,Planted/Cultivated,Fire Regime Group II
384,5.625,862.3266602,143.7496033,0.876489043,-0.168190002,0.319999993,508.1264343,12.89247417,0.535422146,76.59999847,7,2,Planted/Cultivated,Fire Regime Group II
385,5.744,858.2679443,149.5367126,0.910708845,0.553863347,0.330416679,522.958374,12.25973988,0.456023455,79.7416687,7,2,Planted/Cultivated,Fire Regime Group II
386,8.907,848.8656616,141.8076477,1.056837201,-0.470413834,0.319999993,533.5710449,11.95585823,0.43184486,75.46060944,7,2,Planted/Cultivated,Fire Regime Group II
387,3.956,851.2306519,167.2877197,1.284581423,0.922723651,0.319999993,517.8667603,12.06242275,0.388672352,75.03504944,7,2,Planted/Cultivated,Fire Regime Group II
388,4.903,821.1589966,162.820816,1.928120017,-0.887635827,0.319999993,559.8840942,11.04479122,0.489798218,85.52603912,7,2,Planted/Cultivated,Fire Regime Group II
389,5.26,799.4375,143.393692,1.709207773,-0.510423124,0.319999993,530.8222656,12.32347393,0.437354654,73,6,2,Herbaceous,Fire Regime Group II
390,5.171,790.6467285,135.2474823,1.789128542,-0.064815454,0.319999993,557.4978027,10.91898918,0.47734651,85.92127991,7,2,Planted/Cultivated,Fire Regime Group II
391,5.37,782.8870239,159.3982697,1.182988644,0.053166378,0.319999993,570.2481689,11.52042103,0.458886147,82.05789185,7,2,Planted/Cultivated,Fire Regime Group II
392,5.737,808.7618408,152.3935394,0.753047287,0.384893477,0.367474735,561.0895996,12.43833351,0.394034714,80.51717377,7,2,Planted/Cultivated,Fire Regime Group II
393,3.055,794.2210083,144.319397,1.024565339,0.171222806,0.316875011,569.1031494,12.55770874,0.486693203,74.50416565,7,2,Planted/Cultivated,Fire Regime Group II
394,1.97,744.1821289,142.2647247,2.306552887,0.895786524,0.319999993,561.6275635,11.47791195,0.509786665,77.25384521,6,2,Herbaceous,Fire Regime Group II
395,4.322,790.34729,142.6498871,1.131296992,0.293630689,0.335624993,566.2648315,12.56609344,0.393349916,79.33750153,7,2,Planted/Cultivated,Fire Regime Group II
396,3.407,750.3631592,174.1729126,1.920883775,0.195210993,0.284210533,565.6543579,13.0861578,0.435223013,63.38000107,6,2,Herbaceous,Fire Regime Group II
397,3.7,735.6009521,167.0108948,1.91777432,0.065530546,0.319999993,613.3708496,10.88930225,0.503653765,87.06046295,7,2,Planted/Cultivated,Fire Regime Group II
398,4.622,732.536438,148.8384552,1.632046223,0.203347072,0.319999993,566.9932861,11.53554916,0.48653847,81.69670105,7,2,Planted/Cultivated,Fire Regime Group II
399,3.667,738.788269,150.34198,2.017730951,1.575828791,0.319999993,571.0084839,11.45682812,0.521937072,81.21398163,7,2,Planted/Cultivated,Fire Regime Group II
400,4.83,699.0772095,158.0722504,1.628158092,0.028051348,0.31695652,581.9840088,11.75282574,0.444095701,74.51630402,6,2,Herbaceous,Fire Regime Group II
401,6.009,728.6289673,153.9803772,0.963869989,-0.172946319,0.278947383,631.4405518,12.82736874,0.495620817,62.48631668,7,2,Planted/Cultivated,Fire Regime Group II
402,7.794,676.6921387,173.5391693,1.339965463,-0.142456532,0.319999993,587.500061,12.6019268,0.456931025,81.3208313,7,2,Planted/Cultivated,Fire Regime Group II
403,10.793,660.0980225,158.4415131,0.989168108,-0.787911355,0.319999993,590.2868042,12.78105259,0.515275896,83.25263214,7,2,Planted/Cultivated,Fire Regime Group II
404,0.462,699.2559814,141.9971466,0.976019144,-0.355791897,0.228736848,637.2529907,12.84326363,0.527522802,45.08842087,7,2,Planted/Cultivated,Fire Regime Group II
405,9.529,600.5227051,175.5027924,1.253831625,0.53668499,0.319999993,650.0089111,12.70663166,0.478949368,80.81999969,7,2,Planted/Cultivated,Fire Regime Group II
406,1.726,605.6264648,121.7709351,0.649252713,0.21298115,0.20708333,649.3221436,13.13104153,0.574132502,34.78125,7,2,Planted/Cultivated,Fire Regime Group II
407,6.325,577.8641357,153.0287628,1.132584929,0.521883965,0.319999993,670.0877686,12.51885414,0.496841371,80.91666412,7,2,Planted/Cultivated,Fire Regime Group II
408,2.274,454.1506653,147.2152557,1.589675307,-0.072069563,0.370000005,719.2316284,14.54500008,0.416710168,81.69999695,7,2,Planted/Cultivated,Fire Regime Group II
409,4.327,585.0255737,149.344635,1.097045779,0.205199167,0.191505373,672.2050171,13.37655926,0.54985714,32.41182709,7,2,Planted/Cultivated,Fire Regime Group II
410,11.779,566.4096069,168.0747681,1.035616636,0.014288845,0.403950632,674.9334717,12.88913536,0.523535013,80.1222229,7,2,Planted/Cultivated,Fire Regime Group II
411,4.287,598.574707,162.0473785,2.069401264,-0.536091745,0.319999993,661.524292,11.03677464,0.583163798,87.42795563,6,2,Herbaceous,Fire Regime Group II
412,1.249,474.014801,177.43927,1.79126668,-0.365131915,0.292111099,724.2776489,14.16950035,0.531020045,49.72777939,6,2,Herbaceous,Fire Regime Group II
413,1.136,567.9083252,155.813736,1.091024637,0.512047231,0.188631579,677.1585693,13.43826294,0.517540514,37.38105392,7,2,Planted/Cultivated,Fire Regime Group II
414,18.062,533.5730591,168.2296753,1.951879144,-0.440668106,0.319999993,684.5789185,11.21351624,0.556147873,86.20330048,6,2,Herbaceous,Fire Regime Group II
415,5.665,542.1763306,134.1867218,0.785101414,-0.183782399,0.319999993,707.1599731,12.94344044,0.474399,80.80000305,7,2,Planted/Cultivated,Fire Regime Group II
416,7.239,453.7666626,156.5876465,1.253076673,-0.151149616,0.319999993,682.2653198,11.73777771,0.530182838,81.56296539,7,2,Planted/Cultivated,Fire Regime Group II
417,8.627,518.9393311,186.9005737,0.976250708,-0.465272009,0.329677433,733.1299438,13.10026836,0.526044607,80.87526703,7,2,Planted/Cultivated,Fire Regime Group II
418,14.082,446.2778015,147.8443146,2.601210117,-0.765730321,0.319999993,715.0527344,12.23644352,0.53831166,79.70928192,6,2,Herbaceous,Fire Regime Group II
419,4.002,414.6341248,164.9907074,1.271191478,0.477106392,0.353369564,809.1932983,14.59913063,0.449849814,84.07065582,7,2,Planted/Cultivated,Fire Regime Group II
420,4.358,478.3442993,154.6984253,1.492005587,-1.12489295,0.315161288,777.3067627,14.0244627,0.557419181,49.48602295,6,2,Herbaceous,Fire Regime Group II
421,9.461,472.9762268,182.1896667,1.370800495,1.273215413,0.200000003,780.5839844,13.91076565,0.461937368,39.76020432,7,2,Planted/Cultivated,Fire Regime Group II
422,8.647,441.8609924,169.3587494,2.483055353,0.384655327,0.319999993,744.1137085,12.36569118,0.586698115,78.99681091,6,2,Herbaceous,Fire Regime Group II
423,7.515,456.9073181,170.752182,1.891853809,-0.894546449,0.284044951,740.4815674,12.66174126,0.610842884,68.09887695,6,2,Herbaceous,Fire Regime Group II
424,7.719,469.864563,187.0672913,2.083795547,0.596356511,0.341428578,753.0570068,11.79918385,0.585410714,80.56326294,6,2,Herbaceous,Fire Regime Group II
425,2.335,390.2870483,182.8759155,0.96122098,-0.602526128,0.295833319,798.9428711,14.36135387,0.463539988,59.67291641,7,2,Planted/Cultivated,Fire Regime Group II
426,5.02,458.9194336,166.0015564,0.981584549,0.098810211,0.370000005,812.8511353,13.21453953,0.550418854,79.09999847,7,2,Planted/Cultivated,Fire Regime Group II
427,5.899,404.9074097,166.7960052,1.420695901,-0.789680302,0.362637371,801.3369141,12.92093372,0.505854964,81.52417755,7,2,Planted/Cultivated,Fire Regime Group II
428,7.583,393.8743591,148.7806854,1.557891011,0.101380609,0.352531642,805.3238525,12.87145615,0.495669812,82.31771851,7,2,Planted/Cultivated,Fire Regime Group II
429,7.668,479.9029236,160.9447632,1.284991384,0.314072609,0.366195649,762.5119019,11.28782654,0.611495912,79.69021606,7,2,Planted/Cultivated,Fire Regime Group II
430,5.4,435.7817688,177.4469147,1.103441119,0.194782823,0.287741929,803.083252,13.74059105,0.493325055,57.49677277,7,2,Planted/Cultivated,Fire Regime Group II
431,5.571,418.8719177,186.5762177,1.76723516,-0.070267402,0.369479179,782.9036255,12.73932266,0.581634164,77.29374695,6,2,Herbaceous,Fire Regime Group II
432,10.157,372.95401,165.3360901,1.564537168,-0.329495013,0.297528088,815.5758667,12.93910122,0.557097614,71.57078552,7,2,Planted/Cultivated,Fire Regime Group II
433,7.765,448.5705872,173.1596985,0.932754338,0.027096415,0.368823528,827.8546143,13.41723537,0.526493669,82.13176727,7,2,Planted/Cultivated,Fire Regime Group II
434,4.678,426.1737061,177.6400604,1.034561634,-0.560392857,0.289870143,830.220459,13.50772762,0.589075387,80.89090729,6,2,Herbaceous,Fire Regime Group II
435,7.946,355.4572754,171.1113892,1.10919857,0.072262526,0.377499998,852.3725586,14.48038006,0.57764554,72.48587036,7,2,Planted/Cultivated,Fire Regime Group II
436,9.957,420.4744873,156.6684418,1.091234565,-0.190132499,0.309870124,851.3656616,12.79590893,0.587176681,81.56493378,7,2,Planted/Cultivated,Fire Regime Group II
437,6.23,409.5541077,165.1920624,1.716577172,0.090570092,0.319999993,857.192749,12.77774239,0.549560785,83,7,2,Planted/Cultivated,Fire Regime Group II
438,9.48,372.8765259,161.5170593,2.13647294,1.071723819,0.319999993,856.6783447,12.76634407,0.586991906,83.70537567,6,2,Herbaceous,Fire Regime Group II
439,11.327,423.2229919,164.3968201,1.652055025,0.427825183,0.370000005,797.2719116,11.89585018,0.62731725,75.28399658,6,2,Herbaceous,Fire Regime Group II
440,8.366,387.9332886,157.4149628,1.187462449,-0.343532622,0.3578161,924.5714722,13.658391,0.666455388,84.50115204,6,2,Herbaceous,Fire Regime Group II
441,12.587,439.6960144,177.9108734,1.192721605,1.24753654,0.345555544,871.8673096,13.03905582,0.663042009,83.34444427,6,2,Herbaceous,Fire Regime Group II
442,16.51,417.4611511,170.6186371,2.616127729,1.172933221,0.359285712,857.4733276,12.89096928,0.690591335,84.37551117,6,2,Herbaceous,Fire Regime Group II
443,15.443,433.2064209,170.8034363,1.360996485,0.043612868,0.388297886,909.098877,13.51260662,0.673776269,81.97766113,6,2,Herbaceous,Fire Regime Group II
444,12.496,406.9046631,178.9953156,2.92980051,-0.539494157,0.367272735,902.2103271,12.64787865,0.692755759,83.40403748,6,2,Herbaceous,Fire Regime Group II
445,13.335,350.5293274,145.809494,3.305817604,-1.522260189,0.321126759,874.1015015,12.51739407,0.711380064,76.22676086,7,2,Planted/Cultivated,Fire Regime Group II
446,10.607,344.9064331,153.5510101,1.902115703,0.395354867,0.312000006,877.2763062,12.67644405,0.713835597,72.83110809,7,133,Planted/Cultivated,Indeterminate FRG
447,11.136,421.0206299,164.9431,2.623775959,0.586385131,0.370000005,849.2873535,11.26931286,0.705776215,73.12000275,7,2,Planted/Cultivated,Fire Regime Group II
448,9.889,368.1755066,161.2080841,3.812701225,-1.786845326,0.326382965,899.4817505,12.43595791,0.733724773,83.58404541,6,2,Herbaceous,Fire Regime Group II
449,5.388,277.6633606,168.1042938,2.923674822,-0.422671407,0.375068486,1013.70343,14.15246582,0.729283452,62.83972549,6,1,Herbaceous,Fire Regime Group I
450,9.126,367.7178345,155.2165222,1.271922231,-0.274296135,0.370860219,932.7252197,12.64747334,0.68952316,79.80537415,6,2,Herbaceous,Fire Regime Group II
451,6.6,327.3881531,189.4347382,2.726677418,-0.042385288,0.355976999,893.496521,12.47747135,0.73172164,79.90459442,6,2,Herbaceous,Fire Regime Group II
452,9.657,352.0820313,157.4314728,1.632966757,-0.42702657,0.370000005,933.6138306,13.22186184,0.699740767,81.80000305,6,2,Herbaceous,Fire Regime Group II
453,13.564,373.6366272,159.2849274,3.918823957,-0.305336654,0.319999993,904.7088013,12.27631283,0.702842951,82.09999847,6,2,Herbaceous,Fire Regime Group II
454,10.356,313.1699219,171.6302795,2.028388977,0.51463443,0.392098755,963.4102173,13.45117283,0.722296059,68.29383087,6,1,Herbaceous,Fire Regime Group I
455,12.207,373.4152222,181.1127625,2.365212917,-0.141020313,0.363076925,881.5410767,11.7434063,0.723218083,74.25164795,7,2,Planted/Cultivated,Fire Regime Group II
456,8.621,307.7427063,161.5845947,1.870767355,0.441325873,0.328829795,929.9624634,12.5312233,0.749037266,77.99468231,7,133,Planted/Cultivated,Indeterminate FRG
457,4.31,258.6488037,137.0430298,1.548303962,1.139285445,0.412197798,1060.175659,13.93186855,0.652731657,74.44615173,7,2,Planted/Cultivated,Fire Regime Group II
458,16.336,319.1221008,173.4338531,1.88845098,-0.026393581,0.361290336,1019.98999,13.38715076,0.731043339,70.87419128,7,2,Planted/Cultivated,Fire Regime Group II
459,14.977,326.1619568,161.5198059,1.388623476,-0.251866877,0.354651153,1043.991333,13.34668636,0.722290516,75.1162796,7,2,Planted/Cultivated,Fire Regime Group II
460,6.746,319.3804016,143.6337585,1.325238705,-0.787938476,0.346666664,1003.023926,13.12300014,0.721718729,82.79777527,7,2,Planted/Cultivated,Fire Regime Group II
461,10.413,333.5476685,174.4058533,1.608993888,-0.666242182,0.384375006,948.8782959,12.60124969,0.73229748,81.07499695,7,2,Planted/Cultivated,Fire Regime Group II
462,9.419,343.7295837,167.1470032,1.772246838,0.868948162,0.343975902,922.5265503,11.90951824,0.750725389,81.11927795,7,2,Planted/Cultivated,Fire Regime Group II
463,8.929,318.7072754,164.0430145,2.423948765,1.362284422,0.355731696,949.8709106,12.62597561,0.715699077,82.71463776,6,2,Herbaceous,Fire Regime Group II
464,10.728,323.9975891,180.0093079,1.858105779,0.330125213,0.311263144,937.0098877,12.21805286,0.726082504,74.16736603,7,2,Planted/Cultivated,Fire Regime Group II
465,12.903,296.3933716,184.4024048,3.371665239,3.368828058,0.36857143,954.425293,12.45023823,0.750859082,79.30635071,7,2,Planted/Cultivated,Fire Regime Group II
466,7.256,272.6796875,185.04039,1.429967642,1.074458718,0.325529426,1099.34082,13.74811745,0.694314122,77.16470337,7,1,Planted/Cultivated,Fire Regime Group I
467,7.5,313.8303223,176.8919983,2.361840725,-0.885888934,0.280000001,927.7701416,11.69946766,0.796992183,88.55212402,7,2,Planted/Cultivated,Fire Regime Group II
468,13.147,269.3353577,177.4589233,1.011652946,-0.160640657,0.38595745,1115.609253,13.93994713,0.673385859,81.6585083,7,2,Planted/Cultivated,Fire Regime Group II
469,6.433,313.8303223,176.8919983,2.361840725,-0.885888934,0.280000001,927.7701416,11.69946766,0.796992183,88.55212402,7,2,Planted/Cultivated,Fire Regime Group II
470,8.78,293.8309326,184.4200745,1.39074862,0.609901011,0.358791202,1098.397339,13.64280224,0.721526146,83.90769196,7,2,Planted/Cultivated,Fire Regime Group II
471,10.672,323.6609802,147.1656799,1.067159891,0.5195719,0.342210531,1080.718384,13.42589474,0.690666437,74.41894531,7,2,Planted/Cultivated,Fire Regime Group II
472,4.488,298.0536804,173.3465118,3.145534277,1.119381905,0.287956983,935.52948,11.80263424,0.773537636,89.83441162,7,2,Planted/Cultivated,Fire Regime Group II
473,6.975,272.2623901,194.9636841,0.917754948,-0.256960839,0.192602739,1126.816528,13.84993172,0.661757708,79.96438599,7,5,Planted/Cultivated,Fire Regime Group V
